"conc_r","conc_c","response","synergy_zip","synergy_loewe","synergy_bliss","synergy_hsa","block_id","drug_row","drug_col","conc_r_unit","conc_c_unit"
0,0,-0.001,0,0,0,0,1,"5-FU","ABT-888","uM","uM"
0.1166667,0,0.064,0.168,0.011,0.015,0.017,1,"5-FU","ABT-888","uM","uM"
0.2333333,0,0.01,0.149,-0.064,-0.061,-0.06,1,"5-FU","ABT-888","uM","uM"
0.35,0,0.078,0,0,0,0,1,"5-FU","ABT-888","uM","uM"
0.5933333,0,-0.25,0.131,-0.225,-0.228,-0.228,1,"5-FU","ABT-888","uM","uM"
0.8366667,0,0.015,0.127,-0.199,-0.201,-0.202,1,"5-FU","ABT-888","uM","uM"
1.08,0,1.284,0,0,0,0,1,"5-FU","ABT-888","uM","uM"
1.8033333,0,4.374,0.061,0.137,0.14,0.139,1,"5-FU","ABT-888","uM","uM"
2.5266667,0,8.458,0.071,0.143,0.146,0.145,1,"5-FU","ABT-888","uM","uM"
3.25,0,13.469,0,0,0,0,1,"5-FU","ABT-888","uM","uM"
5.5,0,20.57,-0.155,0.201,0.21,0.208,1,"5-FU","ABT-888","uM","uM"
7.75,0,27.809,-0.093,0.168,0.179,0.177,1,"5-FU","ABT-888","uM","uM"
10,0,34.29,0,0,0,0,1,"5-FU","ABT-888","uM","uM"
0,0.1166667,-0.381,-0.021,-0.33,-0.329,-0.328,1,"5-FU","ABT-888","uM","uM"
0.1166667,0.1166667,-0.297,0.374,-0.301,-0.288,-0.284,1,"5-FU","ABT-888","uM","uM"
0.2333333,0.1166667,-0.607,0.58,-0.587,-0.572,-0.568,1,"5-FU","ABT-888","uM","uM"
0.35,0.1166667,-0.863,0.596,-0.737,-0.719,-0.715,1,"5-FU","ABT-888","uM","uM"
0.5933333,0.1166667,-0.774,0.481,-0.516,-0.489,-0.487,1,"5-FU","ABT-888","uM","uM"
0.8366667,0.1166667,0.016,0.17,0.037,0.078,0.08,1,"5-FU","ABT-888","uM","uM"
1.08,0.1166667,1.902,-0.295,0.7,0.757,0.76,1,"5-FU","ABT-888","uM","uM"
1.8033333,0.1166667,5.304,-0.811,1.344,1.418,1.421,1,"5-FU","ABT-888","uM","uM"
2.5266667,0.1166667,10.032,-1.46,1.919,2.005,2.007,1,"5-FU","ABT-888","uM","uM"
3.25,0.1166667,15.958,-2.357,2.33,2.424,2.426,1,"5-FU","ABT-888","uM","uM"
5.5,0.1166667,23.045,-3.483,2.548,2.648,2.648,1,"5-FU","ABT-888","uM","uM"
7.75,0.1166667,30.332,-4.547,2.515,2.611,2.61,1,"5-FU","ABT-888","uM","uM"
10,0.1166667,36.754,-5.511,2.407,2.483,2.484,1,"5-FU","ABT-888","uM","uM"
0,0.2333333,-0.463,-0.006,-0.42,-0.42,-0.419,1,"5-FU","ABT-888","uM","uM"
0.1166667,0.2333333,-0.261,0.686,-0.283,-0.268,-0.263,1,"5-FU","ABT-888","uM","uM"
0.2333333,0.2333333,-0.8,1.241,-0.819,-0.796,-0.79,1,"5-FU","ABT-888","uM","uM"
0.35,0.2333333,-1.344,1.45,-1.27,-1.235,-1.231,1,"5-FU","ABT-888","uM","uM"
0.5933333,0.2333333,-0.721,1.113,-0.516,-0.457,-0.453,1,"5-FU","ABT-888","uM","uM"
0.8366667,0.2333333,0.66,0.428,0.583,0.675,0.679,1,"5-FU","ABT-888","uM","uM"
1.08,0.2333333,2.913,-0.467,1.554,1.684,1.688,1,"5-FU","ABT-888","uM","uM"
1.8033333,0.2333333,6.64,-1.595,2.571,2.734,2.738,1,"5-FU","ABT-888","uM","uM"
2.5266667,0.2333333,12.001,-2.965,3.78,3.971,3.975,1,"5-FU","ABT-888","uM","uM"
3.25,0.2333333,18.6,-4.767,4.814,5.024,5.027,1,"5-FU","ABT-888","uM","uM"
5.5,0.2333333,25.684,-7.187,5.074,5.287,5.288,1,"5-FU","ABT-888","uM","uM"
7.75,0.2333333,32.861,-9.772,5.019,5.22,5.219,1,"5-FU","ABT-888","uM","uM"
10,0.2333333,39.282,-11.711,4.916,5.085,5.086,1,"5-FU","ABT-888","uM","uM"
0,0.35,0.002,0,0,0,0,1,"5-FU","ABT-888","uM","uM"
0.1166667,0.35,0.883,0.986,0.809,0.827,0.832,1,"5-FU","ABT-888","uM","uM"
0.2333333,0.35,0.82,1.846,0.701,0.733,0.74,1,"5-FU","ABT-888","uM","uM"
0.35,0.35,-0.156,2.302,-0.295,-0.24,-0.234,1,"5-FU","ABT-888","uM","uM"
0.5933333,0.35,1.121,1.665,1.159,1.258,1.263,1,"5-FU","ABT-888","uM","uM"
0.8366667,0.35,2.256,0.621,2.007,2.162,2.167,1,"5-FU","ABT-888","uM","uM"
1.08,0.35,4.029,-0.645,2.521,2.74,2.746,1,"5-FU","ABT-888","uM","uM"
1.8033333,0.35,7.605,-2.344,3.339,3.612,3.616,1,"5-FU","ABT-888","uM","uM"
2.5266667,0.35,13.236,-4.304,4.847,5.166,5.171,1,"5-FU","ABT-888","uM","uM"
3.25,0.35,20.443,-6.737,6.621,6.969,6.974,1,"5-FU","ABT-888","uM","uM"
5.5,0.35,27.402,-10.339,6.707,7.055,7.056,1,"5-FU","ABT-888","uM","uM"
7.75,0.35,34.668,-14.14,6.748,7.071,7.071,1,"5-FU","ABT-888","uM","uM"
10,0.35,41.452,-17.147,6.879,7.158,7.162,1,"5-FU","ABT-888","uM","uM"
0,0.5933333,0.446,0.061,0.445,0.439,0.437,1,"5-FU","ABT-888","uM","uM"
0.1166667,0.5933333,3.163,1.221,3.069,3.091,3.097,1,"5-FU","ABT-888","uM","uM"
0.2333333,0.5933333,5.365,2.194,5.224,5.272,5.282,1,"5-FU","ABT-888","uM","uM"
0.35,0.5933333,6.187,2.541,6.071,6.161,6.171,1,"5-FU","ABT-888","uM","uM"
0.5933333,0.5933333,5.825,1.925,5.764,5.918,5.927,1,"5-FU","ABT-888","uM","uM"
0.8366667,0.5933333,4.85,0.626,4.417,4.655,4.66,1,"5-FU","ABT-888","uM","uM"
1.08,0.5933333,5.007,-1.036,3.22,3.548,3.552,1,"5-FU","ABT-888","uM","uM"
1.8033333,0.5933333,7.753,-2.997,3.235,3.646,3.651,1,"5-FU","ABT-888","uM","uM"
2.5266667,0.5933333,13.049,-5.345,4.39,4.865,4.873,1,"5-FU","ABT-888","uM","uM"
3.25,0.5933333,19.994,-8.376,5.822,6.331,6.34,1,"5-FU","ABT-888","uM","uM"
5.5,0.5933333,27.529,-12.265,6.651,7.16,7.163,1,"5-FU","ABT-888","uM","uM"
7.75,0.5933333,35.132,-16.299,7.152,7.624,7.625,1,"5-FU","ABT-888","uM","uM"
10,0.5933333,41.909,-18.957,7.416,7.819,7.828,1,"5-FU","ABT-888","uM","uM"
0,0.8366667,0.595,0.05,0.583,0.577,0.575,1,"5-FU","ABT-888","uM","uM"
0.1166667,0.8366667,5.593,1.425,5.493,5.525,5.533,1,"5-FU","ABT-888","uM","uM"
0.2333333,0.8366667,11.065,2.556,10.903,10.975,10.991,1,"5-FU","ABT-888","uM","uM"
0.35,0.8366667,14.043,2.947,13.872,14.008,14.029,1,"5-FU","ABT-888","uM","uM"
0.5933333,0.8366667,11.684,2.273,11.533,11.766,11.786,1,"5-FU","ABT-888","uM","uM"
0.8366667,0.8366667,7.46,0.745,6.907,7.258,7.274,1,"5-FU","ABT-888","uM","uM"
1.08,0.8366667,5.246,-1.172,3.306,3.784,3.793,1,"5-FU","ABT-888","uM","uM"
1.8033333,0.8366667,7.21,-3.123,2.494,3.094,3.105,1,"5-FU","ABT-888","uM","uM"
2.5266667,0.8366667,12.159,-5.459,3.274,3.96,3.978,1,"5-FU","ABT-888","uM","uM"
3.25,0.8366667,18.882,-8.527,4.486,5.21,5.23,1,"5-FU","ABT-888","uM","uM"
5.5,0.8366667,26.874,-12.32,5.795,6.519,6.521,1,"5-FU","ABT-888","uM","uM"
7.75,0.8366667,34.997,-16.358,6.839,7.503,7.503,1,"5-FU","ABT-888","uM","uM"
10,0.8366667,42.11,-19.091,7.447,8.004,8.023,1,"5-FU","ABT-888","uM","uM"
0,1.08,0.035,0,0,0,0,1,"5-FU","ABT-888","uM","uM"
0.1166667,1.08,6.735,1.706,6.648,6.692,6.705,1,"5-FU","ABT-888","uM","uM"
0.2333333,1.08,14.426,3.141,14.242,14.345,14.37,1,"5-FU","ABT-888","uM","uM"
0.35,1.08,20.452,3.778,20.134,20.334,20.373,1,"5-FU","ABT-888","uM","uM"
0.5933333,1.08,15.413,3.074,15.158,15.506,15.552,1,"5-FU","ABT-888","uM","uM"
0.8366667,1.08,9.133,1.428,8.473,8.994,9.041,1,"5-FU","ABT-888","uM","uM"
1.08,1.08,4.927,-0.67,2.909,3.605,3.643,1,"5-FU","ABT-888","uM","uM"
1.8033333,1.08,7.202,-2.206,2.279,3.157,3.191,1,"5-FU","ABT-888","uM","uM"
2.5266667,1.08,11.953,-4.121,2.833,3.83,3.861,1,"5-FU","ABT-888","uM","uM"
3.25,1.08,18.196,-6.755,3.665,4.694,4.727,1,"5-FU","ABT-888","uM","uM"
5.5,1.08,26.618,-9.963,5.297,6.328,6.313,1,"5-FU","ABT-888","uM","uM"
7.75,1.08,35.115,-13.77,6.662,7.599,7.578,1,"5-FU","ABT-888","uM","uM"
10,1.08,42.588,-17.155,7.511,8.272,8.298,1,"5-FU","ABT-888","uM","uM"
0,1.8033333,0.597,0.104,0.615,0.601,0.603,1,"5-FU","ABT-888","uM","uM"
0.1166667,1.8033333,6.152,2.143,6.096,6.152,6.168,1,"5-FU","ABT-888","uM","uM"
0.2333333,1.8033333,12.284,3.969,12.126,12.272,12.305,1,"5-FU","ABT-888","uM","uM"
0.35,1.8033333,15.876,4.859,15.623,15.919,15.977,1,"5-FU","ABT-888","uM","uM"
0.5933333,1.8033333,14.007,4.395,13.639,14.156,14.243,1,"5-FU","ABT-888","uM","uM"
0.8366667,1.8033333,10.057,2.938,9.146,9.919,10.034,1,"5-FU","ABT-888","uM","uM"
1.08,1.8033333,7.763,1.249,5.336,6.367,6.494,1,"5-FU","ABT-888","uM","uM"
1.8033333,1.8033333,9.236,-0.076,3.906,5.177,5.284,1,"5-FU","ABT-888","uM","uM"
2.5266667,1.8033333,13.482,-1.348,3.9,5.337,5.395,1,"5-FU","ABT-888","uM","uM"
3.25,1.8033333,19.679,-3.01,4.577,6.069,6.073,1,"5-FU","ABT-888","uM","uM"
5.5,1.8033333,27.572,-5.205,5.832,7.276,7.24,1,"5-FU","ABT-888","uM","uM"
7.75,1.8033333,35.836,-7.765,7.096,8.394,8.348,1,"5-FU","ABT-888","uM","uM"
10,1.8033333,43.105,-9.882,7.954,9.024,9.012,1,"5-FU","ABT-888","uM","uM"
0,2.5266667,0.557,0.108,0.472,0.458,0.462,1,"5-FU","ABT-888","uM","uM"
0.1166667,2.5266667,4.479,2.654,4.279,4.36,4.373,1,"5-FU","ABT-888","uM","uM"
0.2333333,2.5266667,8.043,5.089,7.698,7.905,7.938,1,"5-FU","ABT-888","uM","uM"
0.35,2.5266667,10.045,6.45,9.567,9.987,10.063,1,"5-FU","ABT-888","uM","uM"
0.5933333,2.5266667,10.631,6.131,9.902,10.654,10.793,1,"5-FU","ABT-888","uM","uM"
0.8366667,2.5266667,10.222,4.774,8.84,9.954,10.177,1,"5-FU","ABT-888","uM","uM"
1.08,2.5266667,10.325,3.338,7.372,8.823,9.114,1,"5-FU","ABT-888","uM","uM"
1.8033333,2.5266667,12.142,2.455,6.203,7.961,8.244,1,"5-FU","ABT-888","uM","uM"
2.5266667,2.5266667,16.034,2.025,5.812,7.775,7.969,1,"5-FU","ABT-888","uM","uM"
3.25,2.5266667,21.883,1.526,6.178,8.184,8.275,1,"5-FU","ABT-888","uM","uM"
5.5,2.5266667,29.397,0.521,7.118,8.989,9.065,1,"5-FU","ABT-888","uM","uM"
7.75,2.5266667,37.304,-0.501,8.115,9.76,9.814,1,"5-FU","ABT-888","uM","uM"
10,2.5266667,44.255,-1.592,8.766,10.115,10.164,1,"5-FU","ABT-888","uM","uM"
0,3.25,0.539,0,0,0,0,1,"5-FU","ABT-888","uM","uM"
0.1166667,3.25,3.48,3.189,2.692,2.82,2.816,1,"5-FU","ABT-888","uM","uM"
0.2333333,3.25,5.54,6.296,4.522,4.836,4.851,1,"5-FU","ABT-888","uM","uM"
0.35,3.25,6.173,8.307,4.954,5.552,5.634,1,"5-FU","ABT-888","uM","uM"
0.5933333,3.25,8.695,7.846,7.089,8.187,8.368,1,"5-FU","ABT-888","uM","uM"
0.8366667,3.25,10.476,6.379,8.151,9.739,10.081,1,"5-FU","ABT-888","uM","uM"
1.08,3.25,12.407,4.938,8.616,10.587,11.123,1,"5-FU","ABT-888","uM","uM"
1.8033333,3.25,14.859,4.463,7.92,10.246,10.867,1,"5-FU","ABT-888","uM","uM"
2.5266667,3.25,18.926,4.745,7.757,10.256,10.858,1,"5-FU","ABT-888","uM","uM"
3.25,3.25,24.45,5.365,8.038,10.511,10.98,1,"5-FU","ABT-888","uM","uM"
5.5,3.25,31.823,5.001,8.833,10.992,11.547,1,"5-FU","ABT-888","uM","uM"
7.75,3.25,39.257,5.05,9.429,11.226,11.723,1,"5-FU","ABT-888","uM","uM"
10,3.25,45.831,5.256,9.732,11.184,11.541,1,"5-FU","ABT-888","uM","uM"
0,5.5,1.49,0.318,-0.236,-0.262,-0.295,1,"5-FU","ABT-888","uM","uM"
0.1166667,5.5,4.378,3.761,2.4,2.587,2.547,1,"5-FU","ABT-888","uM","uM"
0.2333333,5.5,6.81,7.242,4.536,5.03,5.005,1,"5-FU","ABT-888","uM","uM"
0.35,5.5,8.446,9.301,5.835,6.787,6.833,1,"5-FU","ABT-888","uM","uM"
0.5933333,5.5,9.999,9.056,6.884,8.464,8.659,1,"5-FU","ABT-888","uM","uM"
0.8366667,5.5,11.412,7.452,7.405,9.634,10.068,1,"5-FU","ABT-888","uM","uM"
1.08,5.5,13.477,5.946,7.782,10.504,11.263,1,"5-FU","ABT-888","uM","uM"
1.8033333,5.5,17.026,5.45,8.423,11.398,12.513,1,"5-FU","ABT-888","uM","uM"
2.5266667,5.5,22.156,5.848,9.515,12.478,13.888,1,"5-FU","ABT-888","uM","uM"
3.25,5.5,28.295,6.47,10.51,13.204,14.764,1,"5-FU","ABT-888","uM","uM"
5.5,5.5,34.893,6.711,10.907,13.1,14.67,1,"5-FU","ABT-888","uM","uM"
7.75,5.5,41.212,6.807,10.701,12.309,13.725,1,"5-FU","ABT-888","uM","uM"
10,5.5,46.641,6.277,10.233,11.285,12.521,1,"5-FU","ABT-888","uM","uM"
0,7.75,3.032,0.301,-0.186,-0.223,-0.265,1,"5-FU","ABT-888","uM","uM"
0.1166667,7.75,6.653,4.112,3.111,3.372,3.316,1,"5-FU","ABT-888","uM","uM"
0.2333333,7.75,10.403,8.098,6.476,7.163,7.113,1,"5-FU","ABT-888","uM","uM"
0.35,7.75,12.981,10.472,8.566,9.845,9.868,1,"5-FU","ABT-888","uM","uM"
0.5933333,7.75,13.292,9.949,8.239,10.308,10.528,1,"5-FU","ABT-888","uM","uM"
0.8366667,7.75,12.969,7.827,6.864,9.769,10.295,1,"5-FU","ABT-888","uM","uM"
1.08,7.75,14.239,5.922,6.355,9.856,10.848,1,"5-FU","ABT-888","uM","uM"
1.8033333,7.75,18.791,5.395,8.18,11.774,13.455,1,"5-FU","ABT-888","uM","uM"
2.5266667,7.75,25.406,5.746,11.059,14.386,16.802,1,"5-FU","ABT-888","uM","uM"
3.25,7.75,32.293,6.226,13.126,15.937,18.831,1,"5-FU","ABT-888","uM","uM"
5.5,7.75,38.07,6.427,13.031,15.096,17.941,1,"5-FU","ABT-888","uM","uM"
7.75,7.75,43.017,6.166,11.751,12.965,15.507,1,"5-FU","ABT-888","uM","uM"
10,7.75,47.324,5.329,10.442,10.912,13.151,1,"5-FU","ABT-888","uM","uM"
0,10,4.747,0,0,0,0,1,"5-FU","ABT-888","uM","uM"
0.1166667,10,9.155,4.184,4.015,4.399,4.393,1,"5-FU","ABT-888","uM","uM"
0.2333333,10,13.939,8.509,8.29,9.172,9.178,1,"5-FU","ABT-888","uM","uM"
0.35,10,17.837,11.539,11.496,13.011,13.089,1,"5-FU","ABT-888","uM","uM"
0.5933333,10,16.69,10.275,9.61,12.03,12.377,1,"5-FU","ABT-888","uM","uM"
0.8366667,10,15.042,7.692,6.788,10.154,10.866,1,"5-FU","ABT-888","uM","uM"
1.08,10,15.005,5.225,4.927,9.031,10.257,1,"5-FU","ABT-888","uM","uM"
1.8033333,10,20.716,4.964,8.048,12,14.206,1,"5-FU","ABT-888","uM","uM"
2.5266667,10,28.24,5.252,12.148,15.64,18.904,1,"5-FU","ABT-888","uM","uM"
3.25,10,35.842,5.505,15.43,18.262,22.373,1,"5-FU","ABT-888","uM","uM"
5.5,10,40.458,5.498,14.462,16.364,20.269,1,"5-FU","ABT-888","uM","uM"
7.75,10,44.316,4.952,12.424,13.295,16.795,1,"5-FU","ABT-888","uM","uM"
10,10,47.757,3.896,10.417,10.345,13.467,1,"5-FU","ABT-888","uM","uM"
0,0,-0.001,0,0,0,0,2,"5-FU","AZD1775","uM","uM"
0.1166667,0,-0.365,0.052,-0.295,-0.261,-0.264,2,"5-FU","AZD1775","uM","uM"
0.2333333,0,-0.394,0,-0.357,-0.341,-0.346,2,"5-FU","AZD1775","uM","uM"
0.35,0,0.078,0,0,0,0,2,"5-FU","AZD1775","uM","uM"
0.5933333,0,0.238,0.286,0.326,0.273,0.273,2,"5-FU","AZD1775","uM","uM"
0.8366667,0,0.559,0.312,0.419,0.362,0.363,2,"5-FU","AZD1775","uM","uM"
1.08,0,1.284,0,0,0,0,2,"5-FU","AZD1775","uM","uM"
1.8033333,0,4.986,0.504,0.7,0.785,0.793,2,"5-FU","AZD1775","uM","uM"
2.5266667,0,8.994,0.477,0.623,0.713,0.723,2,"5-FU","AZD1775","uM","uM"
3.25,0,13.469,0,0,0,0,2,"5-FU","AZD1775","uM","uM"
5.5,0,20.375,0.439,-0.147,0.04,-0.039,2,"5-FU","AZD1775","uM","uM"
7.75,0,27.703,0.513,-0.13,0.091,-0.006,2,"5-FU","AZD1775","uM","uM"
10,0,34.29,0,0,0,0,2,"5-FU","AZD1775","uM","uM"
0,0.0108333,0.212,0.265,0.087,0.091,0.098,2,"5-FU","AZD1775","uM","uM"
0.1166667,0.0108333,-0.107,0.784,-0.206,-0.093,-0.081,2,"5-FU","AZD1775","uM","uM"
0.2333333,0.0108333,0.012,1.327,-0.139,0.008,0.027,2,"5-FU","AZD1775","uM","uM"
0.35,0.0108333,1.056,2.122,0.844,1.036,1.077,2,"5-FU","AZD1775","uM","uM"
0.5933333,0.0108333,2.942,3.188,2.746,3.024,3.1,2,"5-FU","AZD1775","uM","uM"
0.8366667,0.0108333,5.393,4.195,4.816,5.254,5.372,2,"5-FU","AZD1775","uM","uM"
1.08,0.0108333,8.077,4.85,6.023,6.73,6.881,2,"5-FU","AZD1775","uM","uM"
1.8033333,0.0108333,11.151,5.16,6.026,7.086,7.241,2,"5-FU","AZD1775","uM","uM"
2.5266667,0.0108333,14.383,4.945,4.865,6.181,6.305,2,"5-FU","AZD1775","uM","uM"
3.25,0.0108333,18.458,4.445,3.368,4.743,4.798,2,"5-FU","AZD1775","uM","uM"
5.5,0.0108333,24.181,4.104,2.349,3.632,3.599,2,"5-FU","AZD1775","uM","uM"
7.75,0.0108333,30.663,3.672,1.88,2.804,2.753,2,"5-FU","AZD1775","uM","uM"
10,0.0108333,36.435,2.781,1.773,2.038,2.11,2,"5-FU","AZD1775","uM","uM"
0,0.0216667,0.335,0.241,0.049,0.036,0.04,2,"5-FU","AZD1775","uM","uM"
0.1166667,0.0216667,-0.247,1.113,-0.482,-0.321,-0.309,2,"5-FU","AZD1775","uM","uM"
0.2333333,0.0216667,-0.169,2.267,-0.571,-0.301,-0.276,2,"5-FU","AZD1775","uM","uM"
0.35,0.0216667,1.597,3.902,0.949,1.367,1.434,2,"5-FU","AZD1775","uM","uM"
0.5933333,0.0216667,5.648,5.944,4.843,5.549,5.697,2,"5-FU","AZD1775","uM","uM"
0.8366667,0.0216667,11.134,8.238,9.72,10.795,11.052,2,"5-FU","AZD1775","uM","uM"
1.08,0.0216667,16.1,9.93,12.905,14.498,14.848,2,"5-FU","AZD1775","uM","uM"
1.8033333,0.0216667,18.584,9.986,11.99,14.356,14.723,2,"5-FU","AZD1775","uM","uM"
2.5266667,0.0216667,20.476,9.335,9.151,12.134,12.442,2,"5-FU","AZD1775","uM","uM"
3.25,0.0216667,23.476,8.479,6.45,9.573,9.765,2,"5-FU","AZD1775","uM","uM"
5.5,0.0216667,27.958,7.2,4.609,7.318,7.385,2,"5-FU","AZD1775","uM","uM"
7.75,0.0216667,33.342,6.184,3.738,5.502,5.538,2,"5-FU","AZD1775","uM","uM"
10,0.0216667,38.445,5.016,3.505,4.02,4.216,2,"5-FU","AZD1775","uM","uM"
0,0.0325,0.601,0,0,0,0,2,"5-FU","AZD1775","uM","uM"
0.1166667,0.0325,-0.483,0.971,-0.925,-0.662,-0.656,2,"5-FU","AZD1775","uM","uM"
0.2333333,0.0325,-0.513,2.411,-1.297,-0.808,-0.783,2,"5-FU","AZD1775","uM","uM"
0.35,0.0325,1.612,4.69,0.164,0.932,1.011,2,"5-FU","AZD1775","uM","uM"
0.5933333,0.0325,7.595,7.442,5.86,7.233,7.442,2,"5-FU","AZD1775","uM","uM"
0.8366667,0.0325,15.502,10.816,12.905,14.927,15.321,2,"5-FU","AZD1775","uM","uM"
1.08,0.0325,23.208,13.759,18.602,21.33,21.924,2,"5-FU","AZD1775","uM","uM"
1.8033333,0.0325,24.399,12.934,15.9,19.964,20.63,2,"5-FU","AZD1775","uM","uM"
2.5266667,0.0325,25.244,11.579,11.726,16.749,17.399,2,"5-FU","AZD1775","uM","uM"
3.25,0.0325,27.37,10.379,8.214,13.381,13.901,2,"5-FU","AZD1775","uM","uM"
5.5,0.0325,30.952,7.599,5.91,10.306,10.633,2,"5-FU","AZD1775","uM","uM"
7.75,0.0325,35.61,5.881,4.966,7.779,7.991,2,"5-FU","AZD1775","uM","uM"
10,0.0325,40.425,5.119,4.934,5.739,6.135,2,"5-FU","AZD1775","uM","uM"
0,0.0483333,0.44,-0.344,-0.529,-0.517,-0.522,2,"5-FU","AZD1775","uM","uM"
0.1166667,0.0483333,-0.513,0.466,-1.357,-0.94,-0.938,2,"5-FU","AZD1775","uM","uM"
0.2333333,0.0483333,-0.269,1.637,-1.616,-0.763,-0.737,2,"5-FU","AZD1775","uM","uM"
0.35,0.0483333,2.602,3.844,0.467,1.909,2.006,2,"5-FU","AZD1775","uM","uM"
0.5933333,0.0483333,8.903,7.246,5.935,8.234,8.483,2,"5-FU","AZD1775","uM","uM"
0.8366667,0.0483333,16.918,10.992,12.59,15.953,16.443,2,"5-FU","AZD1775","uM","uM"
1.08,0.0483333,23.625,13.344,16.761,21.393,22.181,2,"5-FU","AZD1775","uM","uM"
1.8033333,0.0483333,26.612,12.873,15.677,21.778,22.843,2,"5-FU","AZD1775","uM","uM"
2.5266667,0.0483333,27.959,10.645,11.844,19.085,20.328,2,"5-FU","AZD1775","uM","uM"
3.25,0.0483333,29.836,7.682,8.196,15.547,16.76,2,"5-FU","AZD1775","uM","uM"
5.5,0.0483333,33.044,4.269,6.118,12.21,13.141,2,"5-FU","AZD1775","uM","uM"
7.75,0.0483333,37.293,1.359,5.483,9.399,9.986,2,"5-FU","AZD1775","uM","uM"
10,0.0483333,41.719,-0.842,5.634,7.095,7.726,2,"5-FU","AZD1775","uM","uM"
0,0.0641667,1.575,-0.418,-0.576,-0.552,-0.556,2,"5-FU","AZD1775","uM","uM"
0.1166667,0.0641667,0.813,0.175,-1.286,-0.738,-0.738,2,"5-FU","AZD1775","uM","uM"
0.2333333,0.0641667,1.226,0.735,-1.611,-0.44,-0.418,2,"5-FU","AZD1775","uM","uM"
0.35,0.0641667,4.176,2.515,0.327,2.329,2.424,2,"5-FU","AZD1775","uM","uM"
0.5933333,0.0641667,10.881,6.691,5.861,8.944,9.204,2,"5-FU","AZD1775","uM","uM"
0.8366667,0.0641667,18.549,10.876,11.824,16.326,16.882,2,"5-FU","AZD1775","uM","uM"
1.08,0.0641667,24.548,12.926,15.046,21.174,22.184,2,"5-FU","AZD1775","uM","uM"
1.8033333,0.0641667,28.266,12.182,14.58,22.217,23.816,2,"5-FU","AZD1775","uM","uM"
2.5266667,0.0641667,30.09,8.803,11.11,20.035,22.203,2,"5-FU","AZD1775","uM","uM"
3.25,0.0641667,31.751,4.141,7.387,16.457,18.916,2,"5-FU","AZD1775","uM","uM"
5.5,0.0641667,34.933,-0.094,6.206,13.169,15.394,2,"5-FU","AZD1775","uM","uM"
7.75,0.0641667,39.102,-4.38,6.304,10.383,11.954,2,"5-FU","AZD1775","uM","uM"
10,0.0641667,43.396,-7.793,6.708,7.997,9.311,2,"5-FU","AZD1775","uM","uM"
0,0.08,5.038,0,0,0,0,2,"5-FU","AZD1775","uM","uM"
0.1166667,0.08,5.033,0.878,-0.237,0.317,0.314,2,"5-FU","AZD1775","uM","uM"
0.2333333,0.08,5.961,1.522,-0.198,1.035,1.047,2,"5-FU","AZD1775","uM","uM"
0.35,0.08,8.421,2.581,1.131,3.308,3.383,2,"5-FU","AZD1775","uM","uM"
0.5933333,0.08,16.524,8.402,8.021,11.287,11.525,2,"5-FU","AZD1775","uM","uM"
0.8366667,0.08,24.139,13.062,13.947,18.706,19.293,2,"5-FU","AZD1775","uM","uM"
1.08,0.08,29.161,14.762,16.401,22.903,24.122,2,"5-FU","AZD1775","uM","uM"
1.8033333,0.08,32.909,13.75,16.235,23.781,26.006,2,"5-FU","AZD1775","uM","uM"
2.5266667,0.08,34.211,9.406,12.576,21.194,24.572,2,"5-FU","AZD1775","uM","uM"
3.25,0.08,34.748,2.915,7.845,16.919,21.279,2,"5-FU","AZD1775","uM","uM"
5.5,0.08,38.051,-1.189,8.415,13.755,18.385,2,"5-FU","AZD1775","uM","uM"
7.75,0.08,42.083,-6.465,9.282,10.997,15.143,2,"5-FU","AZD1775","uM","uM"
10,0.08,46.143,-12,9.355,8.542,11.853,2,"5-FU","AZD1775","uM","uM"
0,0.12,11.858,0.151,0.237,0.123,0.114,2,"5-FU","AZD1775","uM","uM"
0.1166667,0.12,13.11,2.727,1.683,2.117,2.11,2,"5-FU","AZD1775","uM","uM"
0.2333333,0.12,16.036,5.642,3.993,4.994,4.996,2,"5-FU","AZD1775","uM","uM"
0.35,0.12,20.901,9.291,7.949,9.719,9.761,2,"5-FU","AZD1775","uM","uM"
0.5933333,0.12,28.306,14.297,14.207,16.99,17.166,2,"5-FU","AZD1775","uM","uM"
0.8366667,0.12,35.58,18.526,20.051,23.995,24.544,2,"5-FU","AZD1775","uM","uM"
1.08,0.12,40.391,20.154,22.828,27.791,29.165,2,"5-FU","AZD1775","uM","uM"
1.8033333,0.12,42.305,18.627,21.781,27.231,30.015,2,"5-FU","AZD1775","uM","uM"
2.5266667,0.12,42.011,14.333,18.001,23.307,27.915,2,"5-FU","AZD1775","uM","uM"
3.25,0.12,41.759,8.752,14.56,18.383,24.879,2,"5-FU","AZD1775","uM","uM"
5.5,0.12,43.629,3.582,14.232,14.407,22.48,2,"5-FU","AZD1775","uM","uM"
7.75,0.12,46.941,-1.573,15.376,11.401,20.527,2,"5-FU","AZD1775","uM","uM"
10,0.12,50.632,-5.737,16.05,8.912,18.664,2,"5-FU","AZD1775","uM","uM"
0,0.16,21.044,0.244,0.312,0.186,0.175,2,"5-FU","AZD1775","uM","uM"
0.1166667,0.16,24.273,4.919,3.586,3.995,3.996,2,"5-FU","AZD1775","uM","uM"
0.2333333,0.16,29.658,10.82,8.552,9.373,9.386,2,"5-FU","AZD1775","uM","uM"
0.35,0.16,36.324,16.77,14.643,16.035,16.062,2,"5-FU","AZD1775","uM","uM"
0.5933333,0.16,43.706,21.386,20.887,23.229,23.318,2,"5-FU","AZD1775","uM","uM"
0.8366667,0.16,50.851,25.025,27.014,30.108,30.489,2,"5-FU","AZD1775","uM","uM"
1.08,0.16,55.366,26.651,30.432,33.76,35.012,2,"5-FU","AZD1775","uM","uM"
1.8033333,0.16,54.937,24.584,28.022,31.053,34.09,2,"5-FU","AZD1775","uM","uM"
2.5266667,0.16,52.094,20.619,23.438,24.953,30.466,2,"5-FU","AZD1775","uM","uM"
3.25,0.16,50.087,16.04,20.286,18.816,27.195,2,"5-FU","AZD1775","uM","uM"
5.5,0.16,50.9,10.847,19.784,14.347,25.782,2,"5-FU","AZD1775","uM","uM"
7.75,0.16,53.49,6.321,21.515,11.274,25.825,2,"5-FU","AZD1775","uM","uM"
10,0.16,56.563,2.792,22.776,8.845,25.493,2,"5-FU","AZD1775","uM","uM"
0,0.2,32.502,0,0,0,0,2,"5-FU","AZD1775","uM","uM"
0.1166667,0.2,37.911,6.341,4.439,5.142,5.17,2,"5-FU","AZD1775","uM","uM"
0.2333333,0.2,44.752,14.074,10.554,11.87,11.915,2,"5-FU","AZD1775","uM","uM"
0.35,0.2,52.203,21.882,17.82,19.648,19.701,2,"5-FU","AZD1775","uM","uM"
0.5933333,0.2,58.949,25.235,22.885,26.02,26.047,2,"5-FU","AZD1775","uM","uM"
0.8366667,0.2,65.68,28.26,28.911,32.603,32.793,2,"5-FU","AZD1775","uM","uM"
1.08,0.2,70.747,30.616,34.168,37.378,38.245,2,"5-FU","AZD1775","uM","uM"
1.8033333,0.2,67.47,27.297,29.126,31.773,34.673,2,"5-FU","AZD1775","uM","uM"
2.5266667,0.2,62.649,23.684,23.813,24.188,29.87,2,"5-FU","AZD1775","uM","uM"
3.25,0.2,58.837,20.69,20.956,17.243,26.335,2,"5-FU","AZD1775","uM","uM"
5.5,0.2,59.446,15.421,20.303,13.023,25.94,2,"5-FU","AZD1775","uM","uM"
7.75,0.2,61.416,11.658,22.579,10.17,27.538,2,"5-FU","AZD1775","uM","uM"
10,0.2,63.684,9.371,25.627,8.036,29.393,2,"5-FU","AZD1775","uM","uM"
0,0.3,49.188,0.928,0.954,0.724,0.76,2,"5-FU","AZD1775","uM","uM"
0.1166667,0.3,53.948,6.608,4.001,5.341,5.404,2,"5-FU","AZD1775","uM","uM"
0.2333333,0.3,59.905,13.434,8.251,11.293,11.366,2,"5-FU","AZD1775","uM","uM"
0.35,0.3,66.009,19.478,12.944,17.579,17.629,2,"5-FU","AZD1775","uM","uM"
0.5933333,0.3,71.51,22.949,17.074,23.09,23.112,2,"5-FU","AZD1775","uM","uM"
0.8366667,0.3,76.209,24.917,21.007,27.689,27.87,2,"5-FU","AZD1775","uM","uM"
1.08,0.3,78.591,25.428,23.047,29.557,30.441,2,"5-FU","AZD1775","uM","uM"
1.8033333,0.3,76.675,23.4,20.519,26.161,28.646,2,"5-FU","AZD1775","uM","uM"
2.5266667,0.3,72.886,20.503,16.654,20.258,25.121,2,"5-FU","AZD1775","uM","uM"
3.25,0.3,69.967,17.526,14.144,14.644,22.535,2,"5-FU","AZD1775","uM","uM"
5.5,0.3,69.438,14.039,13.59,10.621,22.079,2,"5-FU","AZD1775","uM","uM"
7.75,0.3,70.367,11.055,14.814,7.868,23.116,2,"5-FU","AZD1775","uM","uM"
10,0.3,71.665,8.284,15.696,5.738,23.592,2,"5-FU","AZD1775","uM","uM"
0,0.4,66.13,0.948,1.086,0.756,0.807,2,"5-FU","AZD1775","uM","uM"
0.1166667,0.4,69.976,5.439,2.015,4.357,4.433,2,"5-FU","AZD1775","uM","uM"
0.2333333,0.4,74.038,10.354,3.025,8.604,8.687,2,"5-FU","AZD1775","uM","uM"
0.35,0.4,78.17,14.454,4.44,12.88,12.941,2,"5-FU","AZD1775","uM","uM"
0.5933333,0.4,81.54,16.829,6.326,16.52,16.542,2,"5-FU","AZD1775","uM","uM"
0.8366667,0.4,83.797,17.401,7.546,18.702,18.856,2,"5-FU","AZD1775","uM","uM"
1.08,0.4,84.52,16.653,7.414,18.867,19.546,2,"5-FU","AZD1775","uM","uM"
1.8033333,0.4,83.669,15.281,6.354,17.232,18.951,2,"5-FU","AZD1775","uM","uM"
2.5266667,0.4,81.847,13.14,4.373,14.003,17.284,2,"5-FU","AZD1775","uM","uM"
3.25,0.4,80.185,10.636,2.543,10.299,15.687,2,"5-FU","AZD1775","uM","uM"
5.5,0.4,79.337,8.526,1.974,7.184,15.189,2,"5-FU","AZD1775","uM","uM"
7.75,0.4,79.409,6.49,1.969,4.761,15.216,2,"5-FU","AZD1775","uM","uM"
10,0.4,79.814,4.221,1.871,2.842,14.977,2,"5-FU","AZD1775","uM","uM"
0,0.5,80.812,0,0,0,0,2,"5-FU","AZD1775","uM","uM"
0.1166667,0.5,83.263,3.271,-1.309,2.492,2.497,2,"5-FU","AZD1775","uM","uM"
0.2333333,0.5,85.731,6.491,-3.069,5.133,5.143,2,"5-FU","AZD1775","uM","uM"
0.35,0.5,88.324,8.888,-4.798,7.498,7.513,2,"5-FU","AZD1775","uM","uM"
0.5933333,0.5,89.709,10.031,-4.688,9.488,9.398,2,"5-FU","AZD1775","uM","uM"
0.8366667,0.5,90.191,9.414,-5.604,9.912,9.86,2,"5-FU","AZD1775","uM","uM"
1.08,0.5,89.767,7.464,-7.797,8.709,8.955,2,"5-FU","AZD1775","uM","uM"
1.8033333,0.5,89.763,6.86,-7.569,8.717,9.473,2,"5-FU","AZD1775","uM","uM"
2.5266667,0.5,89.294,5.287,-8.408,7.471,9.003,2,"5-FU","AZD1775","uM","uM"
3.25,0.5,88.719,2.953,-10.036,5.323,7.908,2,"5-FU","AZD1775","uM","uM"
5.5,0.5,87.748,2.214,-10.148,3.34,7.728,2,"5-FU","AZD1775","uM","uM"
7.75,0.5,87.338,1.09,-10.699,1.49,7.284,2,"5-FU","AZD1775","uM","uM"
10,0.5,87.253,-0.584,-11.66,-0.139,6.441,2,"5-FU","AZD1775","uM","uM"
0,0,-0.001,0,0,0,0,7641,"Acetyl-DL-carnitine","SORAFENIB","uM","uM"
0.00015,0,2.667,-0.133,-0.407,-0.501,-0.453,7641,"Acetyl-DL-carnitine","SORAFENIB","uM","uM"
0.0003,0,6.24,-0.125,-0.444,-0.513,-0.515,7641,"Acetyl-DL-carnitine","SORAFENIB","uM","uM"
0.00045,0,10.364,0,0,0,0,7641,"Acetyl-DL-carnitine","SORAFENIB","uM","uM"
0.0009667,0,13.549,-1.091,-1.327,-1.469,-1.116,7641,"Acetyl-DL-carnitine","SORAFENIB","uM","uM"
0.0014833,0,18.362,-1.156,-1.348,-1.488,-1.109,7641,"Acetyl-DL-carnitine","SORAFENIB","uM","uM"
0.002,0,25.198,0,0,0,0,7641,"Acetyl-DL-carnitine","SORAFENIB","uM","uM"
0.0043333,0,33.109,0.001,0.368,0.154,0.695,7641,"Acetyl-DL-carnitine","SORAFENIB","uM","uM"
0.0066667,0,41.498,0.113,0.468,0.249,0.767,7641,"Acetyl-DL-carnitine","SORAFENIB","uM","uM"
0.009,0,49.658,0,0,0,0,7641,"Acetyl-DL-carnitine","SORAFENIB","uM","uM"
0.0193333,0,59.628,1.094,1.265,1.118,1.293,7641,"Acetyl-DL-carnitine","SORAFENIB","uM","uM"
0.0296667,0,67.912,1.021,1.182,1.049,1.247,7641,"Acetyl-DL-carnitine","SORAFENIB","uM","uM"
0.04,0,73.922,0,0,0,0,7641,"Acetyl-DL-carnitine","SORAFENIB","uM","uM"
0,0.8333333,9.036,-0.309,-0.555,-0.737,-0.442,7641,"Acetyl-DL-carnitine","SORAFENIB","uM","uM"
0.00015,0.8333333,9.14,-1.58,-2.524,-3.266,-2.202,7641,"Acetyl-DL-carnitine","SORAFENIB","uM","uM"
0.0003,0.8333333,9.839,-3.049,-4.585,-5.83,-3.951,7641,"Acetyl-DL-carnitine","SORAFENIB","uM","uM"
0.00045,0.8333333,11.468,-4.49,-6.002,-7.723,-4.808,7641,"Acetyl-DL-carnitine","SORAFENIB","uM","uM"
0.0009667,0.8333333,14.463,-5.744,-6.525,-8.705,-4.524,7641,"Acetyl-DL-carnitine","SORAFENIB","uM","uM"
0.0014833,0.8333333,19.762,-5.777,-5.296,-7.831,-2.531,7641,"Acetyl-DL-carnitine","SORAFENIB","uM","uM"
0.002,0.8333333,27.89,-3.968,-2.194,-5.003,0.988,7641,"Acetyl-DL-carnitine","SORAFENIB","uM","uM"
0.0043333,0.8333333,38.512,-0.767,1.966,-1.128,5.158,7641,"Acetyl-DL-carnitine","SORAFENIB","uM","uM"
0.0066667,0.8333333,50.157,2.988,6.134,2.91,8.843,7641,"Acetyl-DL-carnitine","SORAFENIB","uM","uM"
0.009,0.8333333,61.112,5.948,9.041,5.889,11.045,7641,"Acetyl-DL-carnitine","SORAFENIB","uM","uM"
0.0193333,0.8333333,70.608,7.426,10.272,7.277,11.698,7641,"Acetyl-DL-carnitine","SORAFENIB","uM","uM"
0.0296667,0.8333333,77.778,7.125,9.531,6.83,10.463,7641,"Acetyl-DL-carnitine","SORAFENIB","uM","uM"
0.04,0.8333333,82.508,5.822,7.734,5.37,8.13,7641,"Acetyl-DL-carnitine","SORAFENIB","uM","uM"
0,1.6666667,19.864,-0.313,-0.614,-0.762,-0.528,7641,"Acetyl-DL-carnitine","SORAFENIB","uM","uM"
0.00015,1.6666667,17.351,-2.894,-4.438,-5.618,-3.937,7641,"Acetyl-DL-carnitine","SORAFENIB","uM","uM"
0.0003,1.6666667,14.194,-6.242,-9.213,-11.55,-8.071,7641,"Acetyl-DL-carnitine","SORAFENIB","uM","uM"
0.00045,1.6666667,12.916,-9.298,-12.629,-16.057,-10.451,7641,"Acetyl-DL-carnitine","SORAFENIB","uM","uM"
0.0009667,1.6666667,15.524,-11.031,-12.436,-16.713,-8.706,7641,"Acetyl-DL-carnitine","SORAFENIB","uM","uM"
0.0014833,1.6666667,21.26,-11.322,-9.829,-14.871,-4.321,7641,"Acetyl-DL-carnitine","SORAFENIB","uM","uM"
0.002,1.6666667,30.51,-8.823,-4.788,-10.519,1.924,7641,"Acetyl-DL-carnitine","SORAFENIB","uM","uM"
0.0043333,1.6666667,44.391,-1.83,3.768,-2.412,10.209,7641,"Acetyl-DL-carnitine","SORAFENIB","uM","uM"
0.0066667,1.6666667,60.178,6.79,13.216,6.727,18.57,7641,"Acetyl-DL-carnitine","SORAFENIB","uM","uM"
0.009,1.6666667,73.953,13.289,19.875,13.33,23.966,7641,"Acetyl-DL-carnitine","SORAFENIB","uM","uM"
0.0193333,1.6666667,82.542,15.034,20.922,14.821,23.833,7641,"Acetyl-DL-carnitine","SORAFENIB","uM","uM"
0.0296667,1.6666667,87.711,13.99,18.846,13.394,20.625,7641,"Acetyl-DL-carnitine","SORAFENIB","uM","uM"
0.04,1.6666667,90.783,11.923,15.838,11.013,16.556,7641,"Acetyl-DL-carnitine","SORAFENIB","uM","uM"
0,2.5,30.524,0,0,0,0,7641,"Acetyl-DL-carnitine","SORAFENIB","uM","uM"
0.00015,2.5,25.624,-3.685,-5.195,-6.634,-4.644,7641,"Acetyl-DL-carnitine","SORAFENIB","uM","uM"
0.0003,2.5,19.975,-8.276,-11.578,-14.671,-10.207,7641,"Acetyl-DL-carnitine","SORAFENIB","uM","uM"
0.00045,2.5,16.106,-12.638,-17.003,-21.758,-14.368,7641,"Acetyl-DL-carnitine","SORAFENIB","uM","uM"
0.0009667,2.5,19.282,-14.188,-15.11,-20.949,-10.387,7641,"Acetyl-DL-carnitine","SORAFENIB","uM","uM"
0.0014833,2.5,25.163,-14.575,-11.466,-18.417,-4.212,7641,"Acetyl-DL-carnitine","SORAFENIB","uM","uM"
0.002,2.5,34.026,-12.585,-6.031,-14.135,3.49,7641,"Acetyl-DL-carnitine","SORAFENIB","uM","uM"
0.0043333,2.5,50.72,-1.82,6.401,-2.244,15.251,7641,"Acetyl-DL-carnitine","SORAFENIB","uM","uM"
0.0066667,2.5,69.164,10.341,19.562,10.411,27.09,7641,"Acetyl-DL-carnitine","SORAFENIB","uM","uM"
0.009,2.5,85.632,20.225,29.903,20.416,35.85,7641,"Acetyl-DL-carnitine","SORAFENIB","uM","uM"
0.0193333,2.5,91.907,20.889,29.315,20.616,33.696,7641,"Acetyl-DL-carnitine","SORAFENIB","uM","uM"
0.0296667,2.5,95.236,19.009,25.968,18.192,28.634,7641,"Acetyl-DL-carnitine","SORAFENIB","uM","uM"
0.04,2.5,97.196,16.473,22.155,15.199,23.194,7641,"Acetyl-DL-carnitine","SORAFENIB","uM","uM"
0,3.3333333,35.317,-0.687,-0.857,-0.967,-0.839,7641,"Acetyl-DL-carnitine","SORAFENIB","uM","uM"
0.00015,3.3333333,32.351,-3.877,-4.61,-6.178,-4.074,7641,"Acetyl-DL-carnitine","SORAFENIB","uM","uM"
0.0003,3.3333333,28.051,-8.092,-9.402,-12.706,-8.038,7641,"Acetyl-DL-carnitine","SORAFENIB","uM","uM"
0.00045,3.3333333,25.696,-11.712,-12.556,-17.568,-9.875,7641,"Acetyl-DL-carnitine","SORAFENIB","uM","uM"
0.0009667,3.3333333,27.781,-13.284,-11.514,-17.965,-6.876,7641,"Acetyl-DL-carnitine","SORAFENIB","uM","uM"
0.0014833,3.3333333,33.55,-12.721,-7.478,-15.257,-0.519,7641,"Acetyl-DL-carnitine","SORAFENIB","uM","uM"
0.002,3.3333333,43.325,-8.597,-0.399,-9.401,8.45,7641,"Acetyl-DL-carnitine","SORAFENIB","uM","uM"
0.0043333,3.3333333,58.146,0.872,10.794,0.874,20.145,7641,"Acetyl-DL-carnitine","SORAFENIB","uM","uM"
0.0066667,3.3333333,74.812,12.165,22.892,12.3,31.789,7641,"Acetyl-DL-carnitine","SORAFENIB","uM","uM"
0.009,3.3333333,88.555,20.417,31.17,20.366,38.899,7641,"Acetyl-DL-carnitine","SORAFENIB","uM","uM"
0.0193333,3.3333333,95.691,22.358,32.158,21.922,38.029,7641,"Acetyl-DL-carnitine","SORAFENIB","uM","uM"
0.0296667,3.3333333,98.542,20.437,28.851,19.574,32.469,7641,"Acetyl-DL-carnitine","SORAFENIB","uM","uM"
0.04,3.3333333,99.413,17.191,24.283,15.994,25.844,7641,"Acetyl-DL-carnitine","SORAFENIB","uM","uM"
0,4.1666667,39.612,-0.68,-0.798,-0.903,-0.781,7641,"Acetyl-DL-carnitine","SORAFENIB","uM","uM"
0.00015,4.1666667,38.766,-3.028,-2.51,-4.031,-2.072,7641,"Acetyl-DL-carnitine","SORAFENIB","uM","uM"
0.0003,4.1666667,37.134,-6.188,-4.587,-7.759,-3.486,7641,"Acetyl-DL-carnitine","SORAFENIB","uM","uM"
0.00045,4.1666667,36.618,-8.769,-5.57,-10.408,-3.41,7641,"Acetyl-DL-carnitine","SORAFENIB","uM","uM"
0.0009667,4.1666667,38.748,-9.484,-4.352,-10.751,-0.642,7641,"Acetyl-DL-carnitine","SORAFENIB","uM","uM"
0.0014833,4.1666667,44.044,-7.986,-0.515,-8.334,4.953,7641,"Acetyl-DL-carnitine","SORAFENIB","uM","uM"
0.002,4.1666667,52.958,-3.457,6.201,-2.923,13.352,7641,"Acetyl-DL-carnitine","SORAFENIB","uM","uM"
0.0043333,4.1666667,65.392,4.545,15.47,5.156,24.145,7641,"Acetyl-DL-carnitine","SORAFENIB","uM","uM"
0.0066667,4.1666667,79,13.678,25.05,13.857,34.627,7641,"Acetyl-DL-carnitine","SORAFENIB","uM","uM"
0.009,4.1666667,90.213,20.205,31.395,19.902,40.653,7641,"Acetyl-DL-carnitine","SORAFENIB","uM","uM"
0.0193333,4.1666667,96.59,21.596,32.122,21.063,39.355,7641,"Acetyl-DL-carnitine","SORAFENIB","uM","uM"
0.0296667,4.1666667,98.93,19.273,28.675,18.547,33.078,7641,"Acetyl-DL-carnitine","SORAFENIB","uM","uM"
0.04,4.1666667,99.244,15.665,23.81,14.712,25.67,7641,"Acetyl-DL-carnitine","SORAFENIB","uM","uM"
0,5,44.333,0,0,0,0,7641,"Acetyl-DL-carnitine","SORAFENIB","uM","uM"
0.00015,5,45.591,-1.255,0.399,-0.984,0.696,7641,"Acetyl-DL-carnitine","SORAFENIB","uM","uM"
0.0003,5,46.45,-2.994,0.889,-2.048,1.625,7641,"Acetyl-DL-carnitine","SORAFENIB","uM","uM"
0.00045,5,47.603,-4.485,1.853,-2.662,3.259,7641,"Acetyl-DL-carnitine","SORAFENIB","uM","uM"
0.0009667,5,50.014,-4.036,3.346,-2.753,5.936,7641,"Acetyl-DL-carnitine","SORAFENIB","uM","uM"
0.0014833,5,54.425,-2.223,6.516,-1.036,10.39,7641,"Acetyl-DL-carnitine","SORAFENIB","uM","uM"
0.002,5,61.59,1.497,11.957,3.076,17.198,7641,"Acetyl-DL-carnitine","SORAFENIB","uM","uM"
0.0043333,5,71.81,8.061,19.334,9.004,26.97,7641,"Acetyl-DL-carnitine","SORAFENIB","uM","uM"
0.0066667,5,82.917,15.202,26.921,15.483,36.546,7641,"Acetyl-DL-carnitine","SORAFENIB","uM","uM"
0.009,5,92.248,20.456,32.049,20.106,42.443,7641,"Acetyl-DL-carnitine","SORAFENIB","uM","uM"
0.0193333,5,97.103,20.233,31.6,20.003,39.696,7641,"Acetyl-DL-carnitine","SORAFENIB","uM","uM"
0.0296667,5,98.57,17.191,27.611,16.896,32.524,7641,"Acetyl-DL-carnitine","SORAFENIB","uM","uM"
0.04,5,98.141,13.114,22.207,12.565,24.136,7641,"Acetyl-DL-carnitine","SORAFENIB","uM","uM"
0,6.6666667,49.3,0.072,0.493,0.473,0.463,7641,"Acetyl-DL-carnitine","SORAFENIB","uM","uM"
0.00015,6.6666667,52.633,0.863,3.171,1.884,3.369,7641,"Acetyl-DL-carnitine","SORAFENIB","uM","uM"
0.0003,6.6666667,55.873,1.405,6.104,3.362,6.618,7641,"Acetyl-DL-carnitine","SORAFENIB","uM","uM"
0.00045,6.6666667,58.586,1.882,8.574,4.307,9.587,7641,"Acetyl-DL-carnitine","SORAFENIB","uM","uM"
0.0009667,6.6666667,60.898,2.719,10.273,4.47,12.067,7641,"Acetyl-DL-carnitine","SORAFENIB","uM","uM"
0.0014833,6.6666667,63.972,4.21,12.345,5.047,15.184,7641,"Acetyl-DL-carnitine","SORAFENIB","uM","uM"
0.002,6.6666667,69.314,6.981,16.175,7.386,20.566,7641,"Acetyl-DL-carnitine","SORAFENIB","uM","uM"
0.0043333,6.6666667,77.378,11.318,21.962,11.66,28.644,7641,"Acetyl-DL-carnitine","SORAFENIB","uM","uM"
0.0066667,6.6666667,86.464,15.947,28.051,16.501,36.887,7641,"Acetyl-DL-carnitine","SORAFENIB","uM","uM"
0.009,6.6666667,93.915,18.785,31.719,19.53,41.291,7641,"Acetyl-DL-carnitine","SORAFENIB","uM","uM"
0.0193333,6.6666667,97.878,18.235,31.056,19.009,39.103,7641,"Acetyl-DL-carnitine","SORAFENIB","uM","uM"
0.0296667,6.6666667,98.865,15.312,27.137,15.797,32.422,7641,"Acetyl-DL-carnitine","SORAFENIB","uM","uM"
0.04,6.6666667,98.571,11.865,22.362,11.887,25.033,7641,"Acetyl-DL-carnitine","SORAFENIB","uM","uM"
0,8.3333333,53.949,0.086,0.495,0.469,0.469,7641,"Acetyl-DL-carnitine","SORAFENIB","uM","uM"
0.00015,8.3333333,59.382,3.077,5.362,4.149,5.524,7641,"Acetyl-DL-carnitine","SORAFENIB","uM","uM"
0.0003,8.3333333,65.095,6.293,10.847,8.262,11.266,7641,"Acetyl-DL-carnitine","SORAFENIB","uM","uM"
0.00045,8.3333333,69.401,8.769,14.974,10.927,15.755,7641,"Acetyl-DL-carnitine","SORAFENIB","uM","uM"
0.0009667,8.3333333,71.076,9.813,16.239,10.709,17.512,7641,"Acetyl-DL-carnitine","SORAFENIB","uM","uM"
0.0014833,8.3333333,72.197,10.464,16.596,9.562,18.653,7641,"Acetyl-DL-carnitine","SORAFENIB","uM","uM"
0.002,8.3333333,75.365,11.788,18.547,9.945,22.008,7641,"Acetyl-DL-carnitine","SORAFENIB","uM","uM"
0.0043333,8.3333333,81.955,14.056,23.353,13.131,29,7641,"Acetyl-DL-carnitine","SORAFENIB","uM","uM"
0.0066667,8.3333333,89.888,16.409,28.859,17.217,36.669,7641,"Acetyl-DL-carnitine","SORAFENIB","uM","uM"
0.009,8.3333333,96.271,17.47,32.031,19.545,40.772,7641,"Acetyl-DL-carnitine","SORAFENIB","uM","uM"
0.0193333,8.3333333,99.173,16.349,30.885,18.39,38.548,7641,"Acetyl-DL-carnitine","SORAFENIB","uM","uM"
0.0296667,8.3333333,99.507,13.596,26.854,14.919,32.246,7641,"Acetyl-DL-carnitine","SORAFENIB","uM","uM"
0.04,8.3333333,98.941,10.521,22.255,11.053,25.396,7641,"Acetyl-DL-carnitine","SORAFENIB","uM","uM"
0,10,58.051,0,0,0,0,7641,"Acetyl-DL-carnitine","SORAFENIB","uM","uM"
0.00015,10,65.394,5.147,6.841,5.713,6.989,7641,"Acetyl-DL-carnitine","SORAFENIB","uM","uM"
0.0003,10,73.102,10.741,14.408,11.981,14.761,7641,"Acetyl-DL-carnitine","SORAFENIB","uM","uM"
0.00045,10,79.326,15.277,20.569,16.74,21.202,7641,"Acetyl-DL-carnitine","SORAFENIB","uM","uM"
0.0009667,10,79.797,16.045,20.781,15.541,21.658,7641,"Acetyl-DL-carnitine","SORAFENIB","uM","uM"
0.0014833,10,79.222,15.739,19.655,12.944,21.022,7641,"Acetyl-DL-carnitine","SORAFENIB","uM","uM"
0.002,10,80.015,15.555,19.525,11.246,21.888,7641,"Acetyl-DL-carnitine","SORAFENIB","uM","uM"
0.0043333,10,85.95,16.171,24.11,14.085,28.619,7641,"Acetyl-DL-carnitine","SORAFENIB","uM","uM"
0.0066667,10,93.001,16.839,29.283,17.653,35.981,7641,"Acetyl-DL-carnitine","SORAFENIB","uM","uM"
0.009,10,98.907,16.708,32.648,19.883,40.715,7641,"Acetyl-DL-carnitine","SORAFENIB","uM","uM"
0.0193333,10,100.396,14.927,30.535,17.701,37.671,7641,"Acetyl-DL-carnitine","SORAFENIB","uM","uM"
0.0296667,10,100.015,12.119,26.276,13.876,31.586,7641,"Acetyl-DL-carnitine","SORAFENIB","uM","uM"
0.04,10,98.993,9.115,21.618,9.86,24.984,7641,"Acetyl-DL-carnitine","SORAFENIB","uM","uM"
0,13.3333333,62.872,0.638,0.639,0.652,0.639,7641,"Acetyl-DL-carnitine","SORAFENIB","uM","uM"
0.00015,13.3333333,70.565,6.93,7.775,6.738,7.89,7641,"Acetyl-DL-carnitine","SORAFENIB","uM","uM"
0.0003,13.3333333,78.63,13.934,15.753,13.504,15.997,7641,"Acetyl-DL-carnitine","SORAFENIB","uM","uM"
0.00045,13.3333333,84.424,19.044,21.572,18.014,21.959,7641,"Acetyl-DL-carnitine","SORAFENIB","uM","uM"
0.0009667,13.3333333,86.047,20.497,23.077,18.162,23.632,7641,"Acetyl-DL-carnitine","SORAFENIB","uM","uM"
0.0014833,13.3333333,85.695,19.669,22.352,15.999,23.289,7641,"Acetyl-DL-carnitine","SORAFENIB","uM","uM"
0.002,13.3333333,86.442,18.43,22.43,14.484,24.275,7641,"Acetyl-DL-carnitine","SORAFENIB","uM","uM"
0.0043333,13.3333333,90.122,17.649,25.1,15.402,28.556,7641,"Acetyl-DL-carnitine","SORAFENIB","uM","uM"
0.0066667,13.3333333,95.149,17.039,28.649,17.296,33.861,7641,"Acetyl-DL-carnitine","SORAFENIB","uM","uM"
0.009,13.3333333,99.168,15.915,30.509,17.994,36.829,7641,"Acetyl-DL-carnitine","SORAFENIB","uM","uM"
0.0193333,13.3333333,100.604,13.846,29.007,16.113,35.206,7641,"Acetyl-DL-carnitine","SORAFENIB","uM","uM"
0.0296667,13.3333333,100.274,11.133,25.386,12.677,30.663,7641,"Acetyl-DL-carnitine","SORAFENIB","uM","uM"
0.04,13.3333333,99.432,8.492,21.442,9.172,25.591,7641,"Acetyl-DL-carnitine","SORAFENIB","uM","uM"
0,16.6666667,66.611,0.553,0.556,0.582,0.557,7641,"Acetyl-DL-carnitine","SORAFENIB","uM","uM"
0.00015,16.6666667,74.522,7.997,7.943,6.98,8.017,7641,"Acetyl-DL-carnitine","SORAFENIB","uM","uM"
0.0003,16.6666667,82.704,16.391,16.133,14.036,16.272,7641,"Acetyl-DL-carnitine","SORAFENIB","uM","uM"
0.00045,16.6666667,88.661,22.428,22.191,18.873,22.399,7641,"Acetyl-DL-carnitine","SORAFENIB","uM","uM"
0.0009667,16.6666667,90.746,23.719,24.242,19.642,24.557,7641,"Acetyl-DL-carnitine","SORAFENIB","uM","uM"
0.0014833,16.6666667,90.805,22.129,24.033,18.073,24.641,7641,"Acetyl-DL-carnitine","SORAFENIB","uM","uM"
0.002,16.6666667,91.338,19.966,24.063,16.569,25.364,7641,"Acetyl-DL-carnitine","SORAFENIB","uM","uM"
0.0043333,16.6666667,93.566,18.37,25.567,16.311,28.03,7641,"Acetyl-DL-carnitine","SORAFENIB","uM","uM"
0.0066667,16.6666667,96.709,17.022,27.588,16.63,31.307,7641,"Acetyl-DL-carnitine","SORAFENIB","uM","uM"
0.009,16.6666667,99.284,15.346,28.426,16.213,33.092,7641,"Acetyl-DL-carnitine","SORAFENIB","uM","uM"
0.0193333,16.6666667,100.373,13.091,27.092,14.309,32.273,7641,"Acetyl-DL-carnitine","SORAFENIB","uM","uM"
0.0296667,16.6666667,100.199,10.466,24.152,11.318,29.377,7641,"Acetyl-DL-carnitine","SORAFENIB","uM","uM"
0.04,16.6666667,99.524,8.011,20.841,8.252,25.71,7641,"Acetyl-DL-carnitine","SORAFENIB","uM","uM"
0,20,69.248,0,0,0,0,7641,"Acetyl-DL-carnitine","SORAFENIB","uM","uM"
0.00015,20,77.349,8.527,7.746,6.794,7.779,7641,"Acetyl-DL-carnitine","SORAFENIB","uM","uM"
0.0003,20,85.596,17.798,16.05,14.029,16.113,7641,"Acetyl-DL-carnitine","SORAFENIB","uM","uM"
0.00045,20,92.19,25.131,22.755,19.592,22.863,7641,"Acetyl-DL-carnitine","SORAFENIB","uM","uM"
0.0009667,20,93.921,25.313,24.468,20.095,24.628,7641,"Acetyl-DL-carnitine","SORAFENIB","uM","uM"
0.0014833,20,94.092,23.086,24.412,18.777,24.759,7641,"Acetyl-DL-carnitine","SORAFENIB","uM","uM"
0.002,20,94.341,20.267,24.219,17.205,25.006,7641,"Acetyl-DL-carnitine","SORAFENIB","uM","uM"
0.0043333,20,95.873,18.528,25.277,16.47,26.959,7641,"Acetyl-DL-carnitine","SORAFENIB","uM","uM"
0.0066667,20,97.854,16.882,26.443,15.911,29.047,7641,"Acetyl-DL-carnitine","SORAFENIB","uM","uM"
0.009,20,99.484,14.976,26.761,14.86,30.132,7641,"Acetyl-DL-carnitine","SORAFENIB","uM","uM"
0.0193333,20,100.135,12.632,25.366,12.84,29.712,7641,"Acetyl-DL-carnitine","SORAFENIB","uM","uM"
0.0296667,20,99.944,10.073,22.848,10.11,27.888,7641,"Acetyl-DL-carnitine","SORAFENIB","uM","uM"
0.04,20,99.309,7.658,19.953,7.275,25.299,7641,"Acetyl-DL-carnitine","SORAFENIB","uM","uM"
0,0,-31.605,0,0,0,0,64716,"BENDAMUSTINE","IBRUTINIB (PCI-32765)","uM","uM"
0.0032552,0,-40.226,-0.202,-0.939,0.611,0.415,64716,"BENDAMUSTINE","IBRUTINIB (PCI-32765)","uM","uM"
0.0065104,0,-49.432,-0.167,-0.816,0.654,0.407,64716,"BENDAMUSTINE","IBRUTINIB (PCI-32765)","uM","uM"
0.0097656,0,-55.447,0,0,0,0,64716,"BENDAMUSTINE","IBRUTINIB (PCI-32765)","uM","uM"
0.0195313,0,-45.622,-0.347,-1.532,0.328,0.556,64716,"BENDAMUSTINE","IBRUTINIB (PCI-32765)","uM","uM"
0.0292969,0,-33.004,-0.344,-1.502,0.234,0.516,64716,"BENDAMUSTINE","IBRUTINIB (PCI-32765)","uM","uM"
0.0390626,0,-21.491,0,0,0,0,64716,"BENDAMUSTINE","IBRUTINIB (PCI-32765)","uM","uM"
0.0781251,0,-15.716,-0.231,-0.742,-0.425,0.22,64716,"BENDAMUSTINE","IBRUTINIB (PCI-32765)","uM","uM"
0.1171875,0,-12.339,-0.22,-0.698,-0.346,0.255,64716,"BENDAMUSTINE","IBRUTINIB (PCI-32765)","uM","uM"
0.15625,0,-11.738,0,0,0,0,64716,"BENDAMUSTINE","IBRUTINIB (PCI-32765)","uM","uM"
0.3125,0,-17.359,-0.286,-1.105,-0.173,0.047,64716,"BENDAMUSTINE","IBRUTINIB (PCI-32765)","uM","uM"
0.46875,0,-23.915,-0.299,-1.184,-0.223,0.016,64716,"BENDAMUSTINE","IBRUTINIB (PCI-32765)","uM","uM"
0.625,0,-27.784,0,0,0,0,64716,"BENDAMUSTINE","IBRUTINIB (PCI-32765)","uM","uM"
1.25,0,-23.156,-0.412,-1.467,-0.238,-0.032,64716,"BENDAMUSTINE","IBRUTINIB (PCI-32765)","uM","uM"
1.875,0,-15.347,-0.409,-1.422,-0.207,-0.051,64716,"BENDAMUSTINE","IBRUTINIB (PCI-32765)","uM","uM"
2.5,0,-7.083,0,0,0,0,64716,"BENDAMUSTINE","IBRUTINIB (PCI-32765)","uM","uM"
0,0.0000651,-29.119,-0.418,-1.631,0.279,0.486,64716,"BENDAMUSTINE","IBRUTINIB (PCI-32765)","uM","uM"
0.0032552,0.0000651,-33.172,-1.504,-6.525,1.949,2.241,64716,"BENDAMUSTINE","IBRUTINIB (PCI-32765)","uM","uM"
0.0065104,0.0000651,-37.241,-2.513,-10.999,3.146,3.786,64716,"BENDAMUSTINE","IBRUTINIB (PCI-32765)","uM","uM"
0.0097656,0.0000651,-38.178,-3.401,-14.626,3.091,4.719,64716,"BENDAMUSTINE","IBRUTINIB (PCI-32765)","uM","uM"
0.0195313,0.0000651,-32.647,-4.146,-17.319,1.753,5.006,64716,"BENDAMUSTINE","IBRUTINIB (PCI-32765)","uM","uM"
0.0292969,0.0000651,-24.33,-4.567,-18.364,-0.488,4.548,64716,"BENDAMUSTINE","IBRUTINIB (PCI-32765)","uM","uM"
0.0390626,0.0000651,-16.633,-4.724,-18.235,-2.574,3.793,64716,"BENDAMUSTINE","IBRUTINIB (PCI-32765)","uM","uM"
0.0781251,0.0000651,-11.437,-4.859,-18.148,-3.726,3.327,64716,"BENDAMUSTINE","IBRUTINIB (PCI-32765)","uM","uM"
0.1171875,0.0000651,-8.629,-4.906,-17.952,-3.912,2.991,64716,"BENDAMUSTINE","IBRUTINIB (PCI-32765)","uM","uM"
0.15625,0.0000651,-9.379,-4.994,-18.164,-3.857,2.501,64716,"BENDAMUSTINE","IBRUTINIB (PCI-32765)","uM","uM"
0.3125,0.0000651,-14.833,-5.327,-19.507,-4.214,1.847,64716,"BENDAMUSTINE","IBRUTINIB (PCI-32765)","uM","uM"
0.46875,0.0000651,-21.542,-5.631,-20.767,-4.639,1.252,64716,"BENDAMUSTINE","IBRUTINIB (PCI-32765)","uM","uM"
0.625,0.0000651,-24.553,-5.744,-21.051,-4.7,1.062,64716,"BENDAMUSTINE","IBRUTINIB (PCI-32765)","uM","uM"
1.25,0.0000651,-20.704,-5.751,-20.609,-4.389,1.374,64716,"BENDAMUSTINE","IBRUTINIB (PCI-32765)","uM","uM"
1.875,0.0000651,-12.538,-5.407,-18.771,-3.701,2.033,64716,"BENDAMUSTINE","IBRUTINIB (PCI-32765)","uM","uM"
2.5,0.0000651,-3.913,-4.746,-16.009,-2.95,2.809,64716,"BENDAMUSTINE","IBRUTINIB (PCI-32765)","uM","uM"
0,0.0001303,-25.934,-0.375,-1.447,0.323,0.455,64716,"BENDAMUSTINE","IBRUTINIB (PCI-32765)","uM","uM"
0.0032552,0.0001303,-24.554,-2.348,-10.523,3.415,3.747,64716,"BENDAMUSTINE","IBRUTINIB (PCI-32765)","uM","uM"
0.0065104,0.0001303,-21.338,-4.646,-20.84,6.432,7.371,64716,"BENDAMUSTINE","IBRUTINIB (PCI-32765)","uM","uM"
0.0097656,0.0001303,-17.925,-6.71,-29.429,7.149,9.773,64716,"BENDAMUSTINE","IBRUTINIB (PCI-32765)","uM","uM"
0.0195313,0.0001303,-16.222,-7.938,-33.549,3.752,9.684,64716,"BENDAMUSTINE","IBRUTINIB (PCI-32765)","uM","uM"
0.0292969,0.0001303,-14.493,-8.821,-35.534,-1.575,8.424,64716,"BENDAMUSTINE","IBRUTINIB (PCI-32765)","uM","uM"
0.0390626,0.0001303,-11.892,-9.462,-36.501,-6.094,7.076,64716,"BENDAMUSTINE","IBRUTINIB (PCI-32765)","uM","uM"
0.0781251,0.0001303,-8.549,-9.547,-35.759,-8.031,5.875,64716,"BENDAMUSTINE","IBRUTINIB (PCI-32765)","uM","uM"
0.1171875,0.0001303,-6.056,-9.587,-35.123,-8.228,5.176,64716,"BENDAMUSTINE","IBRUTINIB (PCI-32765)","uM","uM"
0.15625,0.0001303,-6.869,-9.902,-35.858,-8.174,4.487,64716,"BENDAMUSTINE","IBRUTINIB (PCI-32765)","uM","uM"
0.3125,0.0001303,-12.651,-10.423,-38.024,-8.966,2.934,64716,"BENDAMUSTINE","IBRUTINIB (PCI-32765)","uM","uM"
0.46875,0.0001303,-19.52,-11.159,-41.087,-9.958,1.56,64716,"BENDAMUSTINE","IBRUTINIB (PCI-32765)","uM","uM"
0.625,0.0001303,-22.345,-11.672,-42.831,-10.249,1.232,64716,"BENDAMUSTINE","IBRUTINIB (PCI-32765)","uM","uM"
1.25,0.0001303,-18.074,-11.325,-40.549,-9.3,2.112,64716,"BENDAMUSTINE","IBRUTINIB (PCI-32765)","uM","uM"
1.875,0.0001303,-9.18,-10.57,-36.475,-7.679,3.875,64716,"BENDAMUSTINE","IBRUTINIB (PCI-32765)","uM","uM"
2.5,0.0001303,0.138,-9.534,-31.891,-6.147,5.575,64716,"BENDAMUSTINE","IBRUTINIB (PCI-32765)","uM","uM"
0,0.0001954,-21.063,0,0,0,0,64716,"BENDAMUSTINE","IBRUTINIB (PCI-32765)","uM","uM"
0.0032552,0.0001954,-14.755,-2.619,-12.526,4.4,4.625,64716,"BENDAMUSTINE","IBRUTINIB (PCI-32765)","uM","uM"
0.0065104,0.0001954,-6.449,-5.758,-26.977,8.779,9.708,64716,"BENDAMUSTINE","IBRUTINIB (PCI-32765)","uM","uM"
0.0097656,0.0001954,0.935,-8.956,-40.415,10.815,13.622,64716,"BENDAMUSTINE","IBRUTINIB (PCI-32765)","uM","uM"
0.0195313,0.0001954,-1.753,-10.297,-44.322,4.836,12.396,64716,"BENDAMUSTINE","IBRUTINIB (PCI-32765)","uM","uM"
0.0292969,0.0001954,-5.356,-11.651,-47.165,-3.135,10.213,64716,"BENDAMUSTINE","IBRUTINIB (PCI-32765)","uM","uM"
0.0390626,0.0001954,-7.622,-13.016,-50.054,-10.246,8.323,64716,"BENDAMUSTINE","IBRUTINIB (PCI-32765)","uM","uM"
0.0781251,0.0001954,-6.215,-12.905,-48.401,-12.586,6.177,64716,"BENDAMUSTINE","IBRUTINIB (PCI-32765)","uM","uM"
0.1171875,0.0001954,-4.37,-12.955,-47.688,-12.971,5.081,64716,"BENDAMUSTINE","IBRUTINIB (PCI-32765)","uM","uM"
0.15625,0.0001954,-4.186,-13.546,-48.987,-12.645,4.677,64716,"BENDAMUSTINE","IBRUTINIB (PCI-32765)","uM","uM"
0.3125,0.0001954,-11.062,-14.156,-51.604,-14.048,1.988,64716,"BENDAMUSTINE","IBRUTINIB (PCI-32765)","uM","uM"
0.46875,0.0001954,-18.013,-15.261,-55.873,-15.291,0.125,64716,"BENDAMUSTINE","IBRUTINIB (PCI-32765)","uM","uM"
0.625,0.0001954,-21.308,-16.367,-59.829,-15.799,-0.151,64716,"BENDAMUSTINE","IBRUTINIB (PCI-32765)","uM","uM"
1.25,0.0001954,-15.651,-15.422,-54.847,-14.084,1.342,64716,"BENDAMUSTINE","IBRUTINIB (PCI-32765)","uM","uM"
1.875,0.0001954,-5.981,-14.304,-49.169,-11.765,4.131,64716,"BENDAMUSTINE","IBRUTINIB (PCI-32765)","uM","uM"
2.5,0.0001954,4.502,-13.188,-43.9,-9.427,7.174,64716,"BENDAMUSTINE","IBRUTINIB (PCI-32765)","uM","uM"
0,0.0003907,-9.666,-0.105,-1.13,0.806,0.713,64716,"BENDAMUSTINE","IBRUTINIB (PCI-32765)","uM","uM"
0.0032552,0.0003907,-3.682,-2.404,-12.815,4.724,4.878,64716,"BENDAMUSTINE","IBRUTINIB (PCI-32765)","uM","uM"
0.0065104,0.0003907,4.305,-5.203,-26.58,8.477,9.509,64716,"BENDAMUSTINE","IBRUTINIB (PCI-32765)","uM","uM"
0.0097656,0.0003907,9.3,-7.992,-38.471,8.883,12.295,64716,"BENDAMUSTINE","IBRUTINIB (PCI-32765)","uM","uM"
0.0195313,0.0003907,7.383,-10.206,-45.228,3.537,11.482,64716,"BENDAMUSTINE","IBRUTINIB (PCI-32765)","uM","uM"
0.0292969,0.0003907,2.212,-12.124,-49.254,-4.741,8.777,64716,"BENDAMUSTINE","IBRUTINIB (PCI-32765)","uM","uM"
0.0390626,0.0003907,-2.078,-13.542,-51.835,-12.132,5.906,64716,"BENDAMUSTINE","IBRUTINIB (PCI-32765)","uM","uM"
0.0781251,0.0003907,-3.768,-14.01,-52.39,-16.27,3.4,64716,"BENDAMUSTINE","IBRUTINIB (PCI-32765)","uM","uM"
0.1171875,0.0003907,-4.41,-14.213,-52.93,-18.015,1.577,64716,"BENDAMUSTINE","IBRUTINIB (PCI-32765)","uM","uM"
0.15625,0.0003907,-6.292,-14.741,-54.582,-18.715,0.054,64716,"BENDAMUSTINE","IBRUTINIB (PCI-32765)","uM","uM"
0.3125,0.0003907,-10.822,-15.647,-57.144,-19.28,-1.849,64716,"BENDAMUSTINE","IBRUTINIB (PCI-32765)","uM","uM"
0.46875,0.0003907,-15.426,-16.798,-60.255,-19.564,-3.193,64716,"BENDAMUSTINE","IBRUTINIB (PCI-32765)","uM","uM"
0.625,0.0003907,-16.614,-17.466,-61.695,-19.18,-3.067,64716,"BENDAMUSTINE","IBRUTINIB (PCI-32765)","uM","uM"
1.25,0.0003907,-12.003,-16.837,-58.543,-17.712,-1.16,64716,"BENDAMUSTINE","IBRUTINIB (PCI-32765)","uM","uM"
1.875,0.0003907,-3.652,-15.497,-53.203,-15.681,1.912,64716,"BENDAMUSTINE","IBRUTINIB (PCI-32765)","uM","uM"
2.5,0.0003907,5.247,-13.782,-47.026,-13.585,4.789,64716,"BENDAMUSTINE","IBRUTINIB (PCI-32765)","uM","uM"
0,0.0005859,1.93,-0.062,-1.023,0.797,0.713,64716,"BENDAMUSTINE","IBRUTINIB (PCI-32765)","uM","uM"
0.0032552,0.0005859,7.023,-1.869,-11.254,4.073,4.164,64716,"BENDAMUSTINE","IBRUTINIB (PCI-32765)","uM","uM"
0.0065104,0.0005859,13.224,-3.844,-22.641,6.996,7.862,64716,"BENDAMUSTINE","IBRUTINIB (PCI-32765)","uM","uM"
0.0097656,0.0005859,16.565,-6.041,-32.611,6.776,9.82,64716,"BENDAMUSTINE","IBRUTINIB (PCI-32765)","uM","uM"
0.0195313,0.0005859,14.147,-8.744,-39.988,1.432,8.519,64716,"BENDAMUSTINE","IBRUTINIB (PCI-32765)","uM","uM"
0.0292969,0.0005859,8.396,-11.227,-44.637,-6.671,5.203,64716,"BENDAMUSTINE","IBRUTINIB (PCI-32765)","uM","uM"
0.0390626,0.0005859,2.919,-12.899,-47.405,-14.169,1.692,64716,"BENDAMUSTINE","IBRUTINIB (PCI-32765)","uM","uM"
0.0781251,0.0005859,-0.402,-13.626,-49.435,-19.039,-0.898,64716,"BENDAMUSTINE","IBRUTINIB (PCI-32765)","uM","uM"
0.1171875,0.0005859,-3.275,-13.846,-51.413,-22.039,-3.23,64716,"BENDAMUSTINE","IBRUTINIB (PCI-32765)","uM","uM"
0.15625,0.0005859,-6.558,-14.267,-53.55,-23.611,-5.384,64716,"BENDAMUSTINE","IBRUTINIB (PCI-32765)","uM","uM"
0.3125,0.0005859,-9.012,-15.389,-55.389,-23.203,-6.528,64716,"BENDAMUSTINE","IBRUTINIB (PCI-32765)","uM","uM"
0.46875,0.0005859,-10.969,-16.597,-56.776,-22.135,-7.153,64716,"BENDAMUSTINE","IBRUTINIB (PCI-32765)","uM","uM"
0.625,0.0005859,-10.888,-17.093,-56.778,-21.041,-6.775,64716,"BENDAMUSTINE","IBRUTINIB (PCI-32765)","uM","uM"
1.25,0.0005859,-6.801,-16.44,-54.541,-19.81,-4.436,64716,"BENDAMUSTINE","IBRUTINIB (PCI-32765)","uM","uM"
1.875,0.0005859,-0.222,-14.878,-50.332,-18.53,-1.205,64716,"BENDAMUSTINE","IBRUTINIB (PCI-32765)","uM","uM"
2.5,0.0005859,7.111,-12.899,-44.799,-16.969,1.777,64716,"BENDAMUSTINE","IBRUTINIB (PCI-32765)","uM","uM"
0,0.0007812,12.759,0,0,0,0,64716,"BENDAMUSTINE","IBRUTINIB (PCI-32765)","uM","uM"
0.0032552,0.0007812,16.784,-1.525,-9.175,2.599,2.609,64716,"BENDAMUSTINE","IBRUTINIB (PCI-32765)","uM","uM"
0.0065104,0.0007812,21.245,-2.971,-18.599,4.816,5.309,64716,"BENDAMUSTINE","IBRUTINIB (PCI-32765)","uM","uM"
0.0097656,0.0007812,24.02,-4.385,-26.437,4.95,6.973,64716,"BENDAMUSTINE","IBRUTINIB (PCI-32765)","uM","uM"
0.0195313,0.0007812,20.438,-7.569,-33.441,-0.893,4.842,64716,"BENDAMUSTINE","IBRUTINIB (PCI-32765)","uM","uM"
0.0292969,0.0007812,14.752,-10.282,-37.655,-8.504,1.369,64716,"BENDAMUSTINE","IBRUTINIB (PCI-32765)","uM","uM"
0.0390626,0.0007812,8.939,-12.058,-39.821,-15.747,-2.366,64716,"BENDAMUSTINE","IBRUTINIB (PCI-32765)","uM","uM"
0.0781251,0.0007812,6.377,-12.786,-42.422,-19.799,-3.973,64716,"BENDAMUSTINE","IBRUTINIB (PCI-32765)","uM","uM"
0.1171875,0.0007812,3.003,-12.925,-44.923,-22.999,-6.109,64716,"BENDAMUSTINE","IBRUTINIB (PCI-32765)","uM","uM"
0.15625,0.0007812,-1.663,-13.029,-47.426,-25.574,-8.931,64716,"BENDAMUSTINE","IBRUTINIB (PCI-32765)","uM","uM"
0.3125,0.0007812,-1.816,-14.497,-48.407,-23.846,-8.996,64716,"BENDAMUSTINE","IBRUTINIB (PCI-32765)","uM","uM"
0.46875,0.0007812,-2.467,-15.773,-48.869,-22.052,-9.363,64716,"BENDAMUSTINE","IBRUTINIB (PCI-32765)","uM","uM"
0.625,0.0007812,-2.62,-16.198,-48.257,-20.799,-9.523,64716,"BENDAMUSTINE","IBRUTINIB (PCI-32765)","uM","uM"
1.25,0.0007812,1.514,-15.366,-46.729,-19.825,-6.586,64716,"BENDAMUSTINE","IBRUTINIB (PCI-32765)","uM","uM"
1.875,0.0007812,6.781,-13.59,-43.559,-19.202,-3.254,64716,"BENDAMUSTINE","IBRUTINIB (PCI-32765)","uM","uM"
2.5,0.0007812,12.169,-11.373,-39.152,-18.566,-0.365,64716,"BENDAMUSTINE","IBRUTINIB (PCI-32765)","uM","uM"
0,0.0015625,24.416,0.021,-0.272,-0.131,-0.222,64716,"BENDAMUSTINE","IBRUTINIB (PCI-32765)","uM","uM"
0.0032552,0.0015625,26.062,-1.737,-8.104,0.814,0.762,64716,"BENDAMUSTINE","IBRUTINIB (PCI-32765)","uM","uM"
0.0065104,0.0015625,27.475,-3.559,-16.369,1.218,1.612,64716,"BENDAMUSTINE","IBRUTINIB (PCI-32765)","uM","uM"
0.0097656,0.0015625,27.742,-5.495,-23.336,-0.095,1.778,64716,"BENDAMUSTINE","IBRUTINIB (PCI-32765)","uM","uM"
0.0195313,0.0015625,25.858,-7.843,-28.331,-4.104,0.645,64716,"BENDAMUSTINE","IBRUTINIB (PCI-32765)","uM","uM"
0.0292969,0.0015625,22.861,-9.923,-31.05,-9.406,-1.212,64716,"BENDAMUSTINE","IBRUTINIB (PCI-32765)","uM","uM"
0.0390626,0.0015625,20.111,-11.316,-32.395,-14.226,-2.944,64716,"BENDAMUSTINE","IBRUTINIB (PCI-32765)","uM","uM"
0.0781251,0.0015625,18.564,-12.021,-33.681,-17.337,-3.852,64716,"BENDAMUSTINE","IBRUTINIB (PCI-32765)","uM","uM"
0.1171875,0.0015625,16.884,-12.34,-35.088,-19.326,-4.818,64716,"BENDAMUSTINE","IBRUTINIB (PCI-32765)","uM","uM"
0.15625,0.0015625,14.63,-12.819,-36.602,-20.375,-6.162,64716,"BENDAMUSTINE","IBRUTINIB (PCI-32765)","uM","uM"
0.3125,0.0015625,13.039,-13.899,-37.956,-19.867,-7.164,64716,"BENDAMUSTINE","IBRUTINIB (PCI-32765)","uM","uM"
0.46875,0.0015625,11.666,-14.921,-38.866,-18.926,-8.074,64716,"BENDAMUSTINE","IBRUTINIB (PCI-32765)","uM","uM"
0.625,0.0015625,11.58,-15.131,-38.802,-18.149,-8.104,64716,"BENDAMUSTINE","IBRUTINIB (PCI-32765)","uM","uM"
1.25,0.0015625,14.31,-14.191,-37.525,-17.519,-6.134,64716,"BENDAMUSTINE","IBRUTINIB (PCI-32765)","uM","uM"
1.875,0.0015625,18.737,-12.382,-34.935,-16.966,-3.167,64716,"BENDAMUSTINE","IBRUTINIB (PCI-32765)","uM","uM"
2.5,0.0015625,23.851,-10.365,-31.467,-16.055,-0.205,64716,"BENDAMUSTINE","IBRUTINIB (PCI-32765)","uM","uM"
0,0.0023437,35.941,-0.023,-0.38,-0.184,-0.272,64716,"BENDAMUSTINE","IBRUTINIB (PCI-32765)","uM","uM"
0.0032552,0.0023437,35.217,-2.29,-7.508,-0.811,-0.859,64716,"BENDAMUSTINE","IBRUTINIB (PCI-32765)","uM","uM"
0.0065104,0.0023437,33.257,-4.872,-15.279,-2.408,-2.049,64716,"BENDAMUSTINE","IBRUTINIB (PCI-32765)","uM","uM"
0.0097656,0.0023437,31.479,-7.244,-21.544,-4.732,-3.102,64716,"BENDAMUSTINE","IBRUTINIB (PCI-32765)","uM","uM"
0.0195313,0.0023437,31.551,-8.854,-24.397,-7.003,-3.01,64716,"BENDAMUSTINE","IBRUTINIB (PCI-32765)","uM","uM"
0.0292969,0.0023437,32.18,-9.975,-25.008,-9.513,-2.626,64716,"BENDAMUSTINE","IBRUTINIB (PCI-32765)","uM","uM"
0.0390626,0.0023437,32.75,-10.787,-24.813,-11.841,-2.294,64716,"BENDAMUSTINE","IBRUTINIB (PCI-32765)","uM","uM"
0.0781251,0.0023437,33.44,-11.349,-24.58,-13.217,-1.812,64716,"BENDAMUSTINE","IBRUTINIB (PCI-32765)","uM","uM"
0.1171875,0.0023437,34.448,-11.827,-24.271,-13.389,-1.144,64716,"BENDAMUSTINE","IBRUTINIB (PCI-32765)","uM","uM"
0.15625,0.0023437,34.442,-12.464,-24.551,-13.114,-1.146,64716,"BENDAMUSTINE","IBRUTINIB (PCI-32765)","uM","uM"
0.3125,0.0023437,31.498,-13.341,-26.54,-13.648,-2.954,64716,"BENDAMUSTINE","IBRUTINIB (PCI-32765)","uM","uM"
0.46875,0.0023437,28.349,-14.129,-28.562,-14.117,-4.926,64716,"BENDAMUSTINE","IBRUTINIB (PCI-32765)","uM","uM"
0.625,0.0023437,27.35,-14.202,-29.257,-14.109,-5.533,64716,"BENDAMUSTINE","IBRUTINIB (PCI-32765)","uM","uM"
1.25,0.0023437,29.231,-13.076,-28.245,-13.797,-4.226,64716,"BENDAMUSTINE","IBRUTINIB (PCI-32765)","uM","uM"
1.875,0.0023437,33.238,-11.185,-25.865,-13.149,-1.656,64716,"BENDAMUSTINE","IBRUTINIB (PCI-32765)","uM","uM"
2.5,0.0023437,37.806,-9.212,-22.981,-12.206,1.112,64716,"BENDAMUSTINE","IBRUTINIB (PCI-32765)","uM","uM"
0,0.003125,47.028,0,0,0,0,64716,"BENDAMUSTINE","IBRUTINIB (PCI-32765)","uM","uM"
0.0032552,0.003125,44.542,-2.741,-6.447,-1.651,-1.668,64716,"BENDAMUSTINE","IBRUTINIB (PCI-32765)","uM","uM"
0.0065104,0.003125,40.547,-5.85,-13.5,-4.356,-4.08,64716,"BENDAMUSTINE","IBRUTINIB (PCI-32765)","uM","uM"
0.0097656,0.003125,36.707,-8.693,-19.572,-7.619,-6.391,64716,"BENDAMUSTINE","IBRUTINIB (PCI-32765)","uM","uM"
0.0195313,0.003125,39.139,-9.458,-20.002,-8.107,-4.792,64716,"BENDAMUSTINE","IBRUTINIB (PCI-32765)","uM","uM"
0.0292969,0.003125,42.165,-9.798,-18.988,-8.735,-2.929,64716,"BENDAMUSTINE","IBRUTINIB (PCI-32765)","uM","uM"
0.0390626,0.003125,44.913,-10.109,-17.624,-9.434,-1.309,64716,"BENDAMUSTINE","IBRUTINIB (PCI-32765)","uM","uM"
0.0781251,0.003125,46.818,-10.498,-16.69,-9.656,-0.048,64716,"BENDAMUSTINE","IBRUTINIB (PCI-32765)","uM","uM"
0.1171875,0.003125,49.575,-11.012,-15.324,-8.624,1.664,64716,"BENDAMUSTINE","IBRUTINIB (PCI-32765)","uM","uM"
0.15625,0.003125,52.354,-11.67,-13.982,-6.808,3.298,64716,"BENDAMUSTINE","IBRUTINIB (PCI-32765)","uM","uM"
0.3125,0.003125,47.41,-12.398,-17.072,-8.607,0.329,64716,"BENDAMUSTINE","IBRUTINIB (PCI-32765)","uM","uM"
0.46875,0.003125,43.239,-13.031,-19.713,-9.847,-2.259,64716,"BENDAMUSTINE","IBRUTINIB (PCI-32765)","uM","uM"
0.625,0.003125,41.679,-13.172,-20.826,-10.159,-3.312,64716,"BENDAMUSTINE","IBRUTINIB (PCI-32765)","uM","uM"
1.25,0.003125,43.206,-11.783,-19.888,-10.083,-2.285,64716,"BENDAMUSTINE","IBRUTINIB (PCI-32765)","uM","uM"
1.875,0.003125,46.849,-9.859,-17.674,-9.464,-0.048,64716,"BENDAMUSTINE","IBRUTINIB (PCI-32765)","uM","uM"
2.5,0.003125,51.267,-7.869,-14.942,-8.426,2.625,64716,"BENDAMUSTINE","IBRUTINIB (PCI-32765)","uM","uM"
0,0.00625,55.079,-0.276,-0.145,-0.238,-0.283,64716,"BENDAMUSTINE","IBRUTINIB (PCI-32765)","uM","uM"
0.0032552,0.00625,53.614,-2.884,-4.723,-1.526,-1.541,64716,"BENDAMUSTINE","IBRUTINIB (PCI-32765)","uM","uM"
0.0065104,0.00625,50.746,-5.775,-9.475,-3.557,-3.294,64716,"BENDAMUSTINE","IBRUTINIB (PCI-32765)","uM","uM"
0.0097656,0.00625,48.781,-8.022,-12.941,-5.546,-4.402,64716,"BENDAMUSTINE","IBRUTINIB (PCI-32765)","uM","uM"
0.0195313,0.00625,49.833,-8.854,-13.662,-6.463,-3.661,64716,"BENDAMUSTINE","IBRUTINIB (PCI-32765)","uM","uM"
0.0292969,0.00625,52.25,-8.925,-12.893,-7.012,-2.162,64716,"BENDAMUSTINE","IBRUTINIB (PCI-32765)","uM","uM"
0.0390626,0.00625,54.479,-8.958,-11.906,-7.556,-0.822,64716,"BENDAMUSTINE","IBRUTINIB (PCI-32765)","uM","uM"
0.0781251,0.00625,56.057,-9.251,-11.227,-7.844,0.171,64716,"BENDAMUSTINE","IBRUTINIB (PCI-32765)","uM","uM"
0.1171875,0.00625,57.558,-9.781,-10.609,-7.471,1.093,64716,"BENDAMUSTINE","IBRUTINIB (PCI-32765)","uM","uM"
0.15625,0.00625,58.165,-10.392,-10.5,-6.899,1.439,64716,"BENDAMUSTINE","IBRUTINIB (PCI-32765)","uM","uM"
0.3125,0.00625,56.056,-10.921,-11.91,-7.254,0.168,64716,"BENDAMUSTINE","IBRUTINIB (PCI-32765)","uM","uM"
0.46875,0.00625,53.835,-11.219,-13.349,-7.562,-1.216,64716,"BENDAMUSTINE","IBRUTINIB (PCI-32765)","uM","uM"
0.625,0.00625,53.269,-10.996,-13.778,-7.485,-1.635,64716,"BENDAMUSTINE","IBRUTINIB (PCI-32765)","uM","uM"
1.25,0.00625,54.521,-9.953,-13.039,-7.341,-0.896,64716,"BENDAMUSTINE","IBRUTINIB (PCI-32765)","uM","uM"
1.875,0.00625,57.076,-8.434,-11.474,-7.061,0.677,64716,"BENDAMUSTINE","IBRUTINIB (PCI-32765)","uM","uM"
2.5,0.00625,59.693,-6.847,-9.801,-6.667,2.525,64716,"BENDAMUSTINE","IBRUTINIB (PCI-32765)","uM","uM"
0,0.009375,62.277,-0.254,-0.068,-0.173,-0.217,64716,"BENDAMUSTINE","IBRUTINIB (PCI-32765)","uM","uM"
0.0032552,0.009375,62.076,-2.637,-2.668,-0.71,-0.725,64716,"BENDAMUSTINE","IBRUTINIB (PCI-32765)","uM","uM"
0.0065104,0.009375,61.218,-5.148,-4.766,-1.45,-1.222,64716,"BENDAMUSTINE","IBRUTINIB (PCI-32765)","uM","uM"
0.0097656,0.009375,60.762,-6.971,-6.142,-2.353,-1.376,64716,"BENDAMUSTINE","IBRUTINIB (PCI-32765)","uM","uM"
0.0195313,0.009375,60.787,-7.58,-7.019,-3.619,-1.256,64716,"BENDAMUSTINE","IBRUTINIB (PCI-32765)","uM","uM"
0.0292969,0.009375,61.543,-7.429,-7.178,-4.857,-0.789,64716,"BENDAMUSTINE","IBRUTINIB (PCI-32765)","uM","uM"
0.0390626,0.009375,62.256,-7.266,-7.139,-6.038,-0.4,64716,"BENDAMUSTINE","IBRUTINIB (PCI-32765)","uM","uM"
0.0781251,0.009375,61.921,-7.593,-7.667,-7.319,-0.589,64716,"BENDAMUSTINE","IBRUTINIB (PCI-32765)","uM","uM"
0.1171875,0.009375,60.819,-8.214,-8.623,-8.467,-1.276,64716,"BENDAMUSTINE","IBRUTINIB (PCI-32765)","uM","uM"
0.15625,0.009375,59.719,-8.793,-9.51,-8.969,-1.984,64716,"BENDAMUSTINE","IBRUTINIB (PCI-32765)","uM","uM"
0.3125,0.009375,59.693,-9.08,-9.651,-8.188,-1.958,64716,"BENDAMUSTINE","IBRUTINIB (PCI-32765)","uM","uM"
0.46875,0.009375,60.409,-9,-9.274,-6.867,-1.516,64716,"BENDAMUSTINE","IBRUTINIB (PCI-32765)","uM","uM"
0.625,0.009375,61.615,-8.541,-8.578,-5.789,-0.853,64716,"BENDAMUSTINE","IBRUTINIB (PCI-32765)","uM","uM"
1.25,0.009375,62.925,-7.781,-7.826,-5.509,-0.125,64716,"BENDAMUSTINE","IBRUTINIB (PCI-32765)","uM","uM"
1.875,0.009375,64.496,-6.787,-6.874,-5.62,0.823,64716,"BENDAMUSTINE","IBRUTINIB (PCI-32765)","uM","uM"
2.5,0.009375,66.065,-5.63,-5.834,-5.629,2.094,64716,"BENDAMUSTINE","IBRUTINIB (PCI-32765)","uM","uM"
0,0.0125,68.202,0,0,0,0,64716,"BENDAMUSTINE","IBRUTINIB (PCI-32765)","uM","uM"
0.0032552,0.0125,68.656,-2.193,-1.039,0.079,0.068,64716,"BENDAMUSTINE","IBRUTINIB (PCI-32765)","uM","uM"
0.0065104,0.0125,69.082,-4.362,-1.265,0.263,0.425,64716,"BENDAMUSTINE","IBRUTINIB (PCI-32765)","uM","uM"
0.0097656,0.0125,70.004,-5.928,-0.857,0.379,1.116,64716,"BENDAMUSTINE","IBRUTINIB (PCI-32765)","uM","uM"
0.0195313,0.0125,69.018,-6.116,-2.085,-1.36,0.646,64716,"BENDAMUSTINE","IBRUTINIB (PCI-32765)","uM","uM"
0.0292969,0.0125,68.641,-5.695,-2.828,-3.106,0.399,64716,"BENDAMUSTINE","IBRUTINIB (PCI-32765)","uM","uM"
0.0390626,0.0125,68.336,-5.269,-3.366,-4.794,0.083,64716,"BENDAMUSTINE","IBRUTINIB (PCI-32765)","uM","uM"
0.0781251,0.0125,66.056,-5.77,-5.106,-7.055,-1.24,64716,"BENDAMUSTINE","IBRUTINIB (PCI-32765)","uM","uM"
0.1171875,0.0125,62.903,-6.491,-7.306,-9.412,-3.192,64716,"BENDAMUSTINE","IBRUTINIB (PCI-32765)","uM","uM"
0.15625,0.0125,59.983,-7.078,-9.276,-11.155,-5.089,64716,"BENDAMUSTINE","IBRUTINIB (PCI-32765)","uM","uM"
0.3125,0.0125,61.741,-7.131,-8.319,-9.268,-3.885,64716,"BENDAMUSTINE","IBRUTINIB (PCI-32765)","uM","uM"
0.46875,0.0125,64.438,-6.762,-6.711,-6.784,-2.204,64716,"BENDAMUSTINE","IBRUTINIB (PCI-32765)","uM","uM"
0.625,0.0125,67.358,-6.065,-4.926,-4.633,-0.523,64716,"BENDAMUSTINE","IBRUTINIB (PCI-32765)","uM","uM"
1.25,0.0125,68.794,-5.476,-4.133,-4.288,0.286,64716,"BENDAMUSTINE","IBRUTINIB (PCI-32765)","uM","uM"
1.875,0.0125,70.161,-4.792,-3.319,-4.453,1.055,64716,"BENDAMUSTINE","IBRUTINIB (PCI-32765)","uM","uM"
2.5,0.0125,71.323,-4.037,-2.523,-4.702,1.932,64716,"BENDAMUSTINE","IBRUTINIB (PCI-32765)","uM","uM"
0,0.025,71.464,-0.11,0.285,0.202,0.153,64716,"BENDAMUSTINE","IBRUTINIB (PCI-32765)","uM","uM"
0.0032552,0.025,72.289,-1.808,-0.258,0.346,0.321,64716,"BENDAMUSTINE","IBRUTINIB (PCI-32765)","uM","uM"
0.0065104,0.025,72.776,-3.442,-0.059,0.53,0.684,64716,"BENDAMUSTINE","IBRUTINIB (PCI-32765)","uM","uM"
0.0097656,0.025,73.178,-4.465,0.295,0.358,1.084,64716,"BENDAMUSTINE","IBRUTINIB (PCI-32765)","uM","uM"
0.0195313,0.025,73.006,-4.547,0.015,-0.729,1.084,64716,"BENDAMUSTINE","IBRUTINIB (PCI-32765)","uM","uM"
0.0292969,0.025,72.678,-4.091,-0.499,-2.268,0.884,64716,"BENDAMUSTINE","IBRUTINIB (PCI-32765)","uM","uM"
0.0390626,0.025,71.723,-3.784,-1.38,-4.128,0.25,64716,"BENDAMUSTINE","IBRUTINIB (PCI-32765)","uM","uM"
0.0781251,0.025,69.286,-4.117,-3.152,-6.469,-1.247,64716,"BENDAMUSTINE","IBRUTINIB (PCI-32765)","uM","uM"
0.1171875,0.025,66.061,-4.771,-5.357,-8.826,-3.243,64716,"BENDAMUSTINE","IBRUTINIB (PCI-32765)","uM","uM"
0.15625,0.025,63.862,-5.249,-6.866,-10.05,-4.617,64716,"BENDAMUSTINE","IBRUTINIB (PCI-32765)","uM","uM"
0.3125,0.025,64.508,-5.233,-6.574,-9.02,-4.179,64716,"BENDAMUSTINE","IBRUTINIB (PCI-32765)","uM","uM"
0.46875,0.025,66.884,-4.754,-5.171,-6.849,-2.711,64716,"BENDAMUSTINE","IBRUTINIB (PCI-32765)","uM","uM"
0.625,0.025,69.762,-4.002,-3.443,-4.808,-1.02,64716,"BENDAMUSTINE","IBRUTINIB (PCI-32765)","uM","uM"
1.25,0.025,72.405,-3.197,-1.882,-3.622,0.497,64716,"BENDAMUSTINE","IBRUTINIB (PCI-32765)","uM","uM"
1.875,0.025,74.802,-2.366,-0.434,-3.011,1.931,64716,"BENDAMUSTINE","IBRUTINIB (PCI-32765)","uM","uM"
2.5,0.025,76.717,-1.503,0.809,-2.566,3.407,64716,"BENDAMUSTINE","IBRUTINIB (PCI-32765)","uM","uM"
0,0.0375,73.221,-0.141,0.213,0.169,0.115,64716,"BENDAMUSTINE","IBRUTINIB (PCI-32765)","uM","uM"
0.0032552,0.0375,73.745,-1.425,-0.242,0.121,0.104,64716,"BENDAMUSTINE","IBRUTINIB (PCI-32765)","uM","uM"
0.0065104,0.0375,73.657,-2.568,-0.222,-0.051,0.1,64716,"BENDAMUSTINE","IBRUTINIB (PCI-32765)","uM","uM"
0.0097656,0.0375,73.603,-3.203,0.013,-0.44,0.238,64716,"BENDAMUSTINE","IBRUTINIB (PCI-32765)","uM","uM"
0.0195313,0.0375,74.184,-3.095,0.376,-1.037,0.659,64716,"BENDAMUSTINE","IBRUTINIB (PCI-32765)","uM","uM"
0.0292969,0.0375,74.686,-2.572,0.507,-1.986,0.976,64716,"BENDAMUSTINE","IBRUTINIB (PCI-32765)","uM","uM"
0.0390626,0.0375,74.175,-2.242,-0.021,-3.455,0.66,64716,"BENDAMUSTINE","IBRUTINIB (PCI-32765)","uM","uM"
0.0781251,0.0375,72.122,-2.557,-1.493,-5.509,-0.637,64716,"BENDAMUSTINE","IBRUTINIB (PCI-32765)","uM","uM"
0.1171875,0.0375,69.443,-3.191,-3.312,-7.505,-2.295,64716,"BENDAMUSTINE","IBRUTINIB (PCI-32765)","uM","uM"
0.15625,0.0375,67.569,-3.623,-4.591,-8.532,-3.431,64716,"BENDAMUSTINE","IBRUTINIB (PCI-32765)","uM","uM"
0.3125,0.0375,67.411,-3.514,-4.781,-8.074,-3.531,64716,"BENDAMUSTINE","IBRUTINIB (PCI-32765)","uM","uM"
0.46875,0.0375,68.687,-2.951,-4.057,-6.622,-2.746,64716,"BENDAMUSTINE","IBRUTINIB (PCI-32765)","uM","uM"
0.625,0.0375,71.101,-2.091,-2.621,-4.85,-1.301,64716,"BENDAMUSTINE","IBRUTINIB (PCI-32765)","uM","uM"
1.25,0.0375,74.756,-1.019,-0.429,-3.044,0.818,64716,"BENDAMUSTINE","IBRUTINIB (PCI-32765)","uM","uM"
1.875,0.0375,78.641,0.148,1.937,-1.46,3.183,64716,"BENDAMUSTINE","IBRUTINIB (PCI-32765)","uM","uM"
2.5,0.0375,81.575,1.179,3.806,-0.306,5.289,64716,"BENDAMUSTINE","IBRUTINIB (PCI-32765)","uM","uM"
0,0.05,74.192,0,0,0,0,64716,"BENDAMUSTINE","IBRUTINIB (PCI-32765)","uM","uM"
0.0032552,0.05,74.316,-0.941,-0.408,-0.248,-0.212,64716,"BENDAMUSTINE","IBRUTINIB (PCI-32765)","uM","uM"
0.0065104,0.05,73.734,-1.739,-0.575,-0.693,-0.511,64716,"BENDAMUSTINE","IBRUTINIB (PCI-32765)","uM","uM"
0.0097656,0.05,73.051,-2.17,-0.596,-1.305,-0.707,64716,"BENDAMUSTINE","IBRUTINIB (PCI-32765)","uM","uM"
0.0195313,0.05,74.514,-1.845,0.278,-1.467,0.154,64716,"BENDAMUSTINE","IBRUTINIB (PCI-32765)","uM","uM"
0.0292969,0.05,75.815,-1.219,0.953,-1.882,0.95,64716,"BENDAMUSTINE","IBRUTINIB (PCI-32765)","uM","uM"
0.0390626,0.05,76.159,-0.713,1.023,-2.741,1.218,64716,"BENDAMUSTINE","IBRUTINIB (PCI-32765)","uM","uM"
0.0781251,0.05,74.449,-1.141,-0.182,-4.503,0.079,64716,"BENDAMUSTINE","IBRUTINIB (PCI-32765)","uM","uM"
0.1171875,0.05,72.282,-1.767,-1.638,-6.172,-1.263,64716,"BENDAMUSTINE","IBRUTINIB (PCI-32765)","uM","uM"
0.15625,0.05,70.612,-2.205,-2.75,-7.14,-2.217,64716,"BENDAMUSTINE","IBRUTINIB (PCI-32765)","uM","uM"
0.3125,0.05,70.148,-1.927,-3.115,-6.913,-2.561,64716,"BENDAMUSTINE","IBRUTINIB (PCI-32765)","uM","uM"
0.46875,0.05,70.662,-1.281,-2.848,-5.945,-2.235,64716,"BENDAMUSTINE","IBRUTINIB (PCI-32765)","uM","uM"
0.625,0.05,72.244,-0.362,-1.905,-4.542,-1.206,64716,"BENDAMUSTINE","IBRUTINIB (PCI-32765)","uM","uM"
1.25,0.05,76.744,0.892,0.813,-2.349,1.38,64716,"BENDAMUSTINE","IBRUTINIB (PCI-32765)","uM","uM"
1.875,0.05,81.575,2.281,3.772,-0.166,4.319,64716,"BENDAMUSTINE","IBRUTINIB (PCI-32765)","uM","uM"
2.5,0.05,85.525,3.554,6.271,1.633,7.017,64716,"BENDAMUSTINE","IBRUTINIB (PCI-32765)","uM","uM"
0,0,-0.001,0,0,0,0,62898,"(-)-BLEBBISTATIN","TEMOZOLOMIDE","uM","uM"
1.6666667,0,-27.945,-0.115,-0.135,-0.115,-0.135,62898,"(-)-BLEBBISTATIN","TEMOZOLOMIDE","uM","uM"
3.3333333,0,-59.309,0.033,0.038,0.033,0.038,62898,"(-)-BLEBBISTATIN","TEMOZOLOMIDE","uM","uM"
5,0,-87.252,0,0,0,0,62898,"(-)-BLEBBISTATIN","TEMOZOLOMIDE","uM","uM"
0,133.3333333,2.165,-0.115,-0.135,-0.115,-0.135,62898,"(-)-BLEBBISTATIN","TEMOZOLOMIDE","uM","uM"
1.6666667,133.3333333,-20.35,-1.892,-2.214,-1.892,-2.214,62898,"(-)-BLEBBISTATIN","TEMOZOLOMIDE","uM","uM"
3.3333333,133.3333333,-46.334,-3.66,-4.284,-3.66,-4.284,62898,"(-)-BLEBBISTATIN","TEMOZOLOMIDE","uM","uM"
5,133.3333333,-68.469,-5.441,-6.369,-5.441,-6.369,62898,"(-)-BLEBBISTATIN","TEMOZOLOMIDE","uM","uM"
0,266.6666667,4.161,0.033,0.038,0.033,0.038,62898,"(-)-BLEBBISTATIN","TEMOZOLOMIDE","uM","uM"
1.6666667,266.6666667,-12.533,-3.66,-4.284,-3.66,-4.284,62898,"(-)-BLEBBISTATIN","TEMOZOLOMIDE","uM","uM"
3.3333333,266.6666667,-30.633,-8.036,-9.407,-8.036,-9.407,62898,"(-)-BLEBBISTATIN","TEMOZOLOMIDE","uM","uM"
5,266.6666667,-47.255,-11.653,-13.64,-11.653,-13.64,62898,"(-)-BLEBBISTATIN","TEMOZOLOMIDE","uM","uM"
0,400,6.893,0,0,0,0,62898,"(-)-BLEBBISTATIN","TEMOZOLOMIDE","uM","uM"
1.6666667,400,-5,-5.441,-6.369,-5.441,-6.369,62898,"(-)-BLEBBISTATIN","TEMOZOLOMIDE","uM","uM"
3.3333333,400,-17.144,-11.653,-13.64,-11.653,-13.64,62898,"(-)-BLEBBISTATIN","TEMOZOLOMIDE","uM","uM"
5,400,-28.643,-17.114,-20.033,-17.114,-20.033,62898,"(-)-BLEBBISTATIN","TEMOZOLOMIDE","uM","uM"
0,0,-0.001,0,0,0,0,62899,"(-)-EPIGALLOCATECHIN GALLATE","TEMOZOLOMIDE","uM","uM"
1.6666667,0,-5.831,0.127,0.084,0.127,0.084,62899,"(-)-EPIGALLOCATECHIN GALLATE","TEMOZOLOMIDE","uM","uM"
3.3333333,0,-12.751,-0.036,-0.024,-0.036,-0.024,62899,"(-)-EPIGALLOCATECHIN GALLATE","TEMOZOLOMIDE","uM","uM"
5,0,-18.736,0,0,0,0,62899,"(-)-EPIGALLOCATECHIN GALLATE","TEMOZOLOMIDE","uM","uM"
0,133.3333333,2.366,0.127,0.084,0.127,0.084,62899,"(-)-EPIGALLOCATECHIN GALLATE","TEMOZOLOMIDE","uM","uM"
1.6666667,133.3333333,-0.252,2.086,1.376,2.086,1.376,62899,"(-)-EPIGALLOCATECHIN GALLATE","TEMOZOLOMIDE","uM","uM"
3.3333333,133.3333333,-3.624,4.036,2.663,4.036,2.663,62899,"(-)-EPIGALLOCATECHIN GALLATE","TEMOZOLOMIDE","uM","uM"
5,133.3333333,-6.151,6.001,3.959,6.001,3.959,62899,"(-)-EPIGALLOCATECHIN GALLATE","TEMOZOLOMIDE","uM","uM"
0,266.6666667,4.527,-0.036,-0.024,-0.036,-0.024,62899,"(-)-EPIGALLOCATECHIN GALLATE","TEMOZOLOMIDE","uM","uM"
1.6666667,266.6666667,5.577,4.036,2.663,4.036,2.663,62899,"(-)-EPIGALLOCATECHIN GALLATE","TEMOZOLOMIDE","uM","uM"
3.3333333,266.6666667,7.156,8.864,5.847,8.864,5.847,62899,"(-)-EPIGALLOCATECHIN GALLATE","TEMOZOLOMIDE","uM","uM"
5,266.6666667,8.079,12.853,8.479,12.853,8.479,62899,"(-)-EPIGALLOCATECHIN GALLATE","TEMOZOLOMIDE","uM","uM"
0,400,6.893,0,0,0,0,62899,"(-)-EPIGALLOCATECHIN GALLATE","TEMOZOLOMIDE","uM","uM"
1.6666667,400,11.127,6.001,3.959,6.001,3.959,62899,"(-)-EPIGALLOCATECHIN GALLATE","TEMOZOLOMIDE","uM","uM"
3.3333333,400,16.276,12.853,8.479,12.853,8.479,62899,"(-)-EPIGALLOCATECHIN GALLATE","TEMOZOLOMIDE","uM","uM"
5,400,20.632,18.876,12.453,18.876,12.453,62899,"(-)-EPIGALLOCATECHIN GALLATE","TEMOZOLOMIDE","uM","uM"
0,0,-0.001,0,0,0,0,62900,"(-)-HUPERZINE A (HUPA)","TEMOZOLOMIDE","uM","uM"
1.6666667,0,-21.851,-0.012,-0.056,-0.012,-0.056,62900,"(-)-HUPERZINE A (HUPA)","TEMOZOLOMIDE","uM","uM"
3.3333333,0,-46.631,0.003,0.016,0.003,0.016,62900,"(-)-HUPERZINE A (HUPA)","TEMOZOLOMIDE","uM","uM"
5,0,-68.569,0,0,0,0,62900,"(-)-HUPERZINE A (HUPA)","TEMOZOLOMIDE","uM","uM"
0,133.3333333,2.284,-0.012,-0.056,-0.012,-0.056,62900,"(-)-HUPERZINE A (HUPA)","TEMOZOLOMIDE","uM","uM"
1.6666667,133.3333333,-13.825,-0.19,-0.919,-0.19,-0.919,62900,"(-)-HUPERZINE A (HUPA)","TEMOZOLOMIDE","uM","uM"
3.3333333,133.3333333,-32.666,-0.367,-1.777,-0.367,-1.777,62900,"(-)-HUPERZINE A (HUPA)","TEMOZOLOMIDE","uM","uM"
5,133.3333333,-48.471,-0.546,-2.642,-0.546,-2.642,62900,"(-)-HUPERZINE A (HUPA)","TEMOZOLOMIDE","uM","uM"
0,266.6666667,4.242,0.003,0.016,0.003,0.016,62900,"(-)-HUPERZINE A (HUPA)","TEMOZOLOMIDE","uM","uM"
1.6666667,266.6666667,-5.573,-0.367,-1.777,-0.367,-1.777,62900,"(-)-HUPERZINE A (HUPA)","TEMOZOLOMIDE","uM","uM"
3.3333333,266.6666667,-15.891,-0.807,-3.903,-0.807,-3.903,62900,"(-)-HUPERZINE A (HUPA)","TEMOZOLOMIDE","uM","uM"
5,266.6666667,-25.73,-1.17,-5.659,-1.17,-5.659,62900,"(-)-HUPERZINE A (HUPA)","TEMOZOLOMIDE","uM","uM"
0,400,6.893,0,0,0,0,62900,"(-)-HUPERZINE A (HUPA)","TEMOZOLOMIDE","uM","uM"
1.6666667,400,2.402,-0.546,-2.642,-0.546,-2.642,62900,"(-)-HUPERZINE A (HUPA)","TEMOZOLOMIDE","uM","uM"
3.3333333,400,-1.595,-1.17,-5.659,-1.17,-5.659,62900,"(-)-HUPERZINE A (HUPA)","TEMOZOLOMIDE","uM","uM"
5,400,-5.754,-1.718,-8.311,-1.718,-8.311,62900,"(-)-HUPERZINE A (HUPA)","TEMOZOLOMIDE","uM","uM"
